time_s,cwnd_kb
0.000000,5.117
0.020700,5.117
0.040638,5.117
0.060539,14.141
0.080304,26.867
0.101116,48.078
0.120677,70.703
0.140549,93.328
0.160129,115.953
0.179975,141.406
0.200608,162.617
0.220327,188.070
0.240233,209.281
0.259663,234.734
0.279262,255.945
0.299469,277.156
0.319596,302.609
0.339209,323.820
0.359416,349.273
0.378917,370.484
0.398308,391.695
0.417857,417.148
0.437258,438.359
0.456825,463.812
0.477490,489.266
0.498634,510.477
0.518695,535.930
0.537880,557.141
0.557253,578.352
0.577287,603.805
0.596354,625.016
0.615892,646.227
0.635083,671.680
0.654393,692.891
0.674043,714.102
0.693204,739.555
0.712660,760.766
0.731849,781.977
0.750848,803.188
0.769697,828.641
0.788874,849.852
0.808506,865.406
0.828094,832.883
0.847355,807.430
0.866406,769.250
0.885863,729.656
0.905266,701.375
0.924710,667.438
0.944045,627.844
0.962915,595.320
0.982238,548.656
1.001590,517.547
1.021162,485.023
1.040595,453.914
1.059433,435.531
1.078786,435.531
1.097767,435.531
1.117507,435.531
1.136831,435.531
1.155915,435.531
1.174886,432.703
1.193690,435.531
1.212991,435.531
1.232649,435.531
1.252397,435.531
1.271314,435.531
1.291045,435.531
1.310508,415.734
1.329733,326.648
1.349093,279.984
1.368289,247.461
1.387457,236.148
1.407422,233.320
1.426501,233.320
1.445921,233.320
1.465067,233.320
1.484375,233.320
1.503807,236.148
1.522913,254.531
1.542594,246.047
1.562162,240.391
1.581322,237.562
1.600474,230.492
1.619677,223.422
1.639354,216.352
1.658409,214.938
1.677874,214.938
1.698019,214.938
1.717784,219.180
1.737641,227.664
1.757190,230.492
1.777367,234.734
1.796542,241.805
1.815966,250.289
1.835125,240.391
1.854830,227.664
1.874311,217.766
1.893236,217.766
1.912431,217.766
1.931481,217.766
1.951467,217.766
1.970444,217.766
1.990344,217.766
2.009378,217.766
2.028662,217.766
2.047536,217.766
2.066351,217.766
2.085466,217.766
2.104588,217.766
2.123886,217.766
2.143147,217.766
2.162438,217.766
2.181910,217.766
2.200984,217.766
2.220570,219.180
2.239477,219.180
2.259408,219.180
2.278672,219.180
2.298639,219.180
2.318123,219.180
2.338084,219.180
2.357902,219.180
2.377647,219.180
2.397429,219.180
2.416659,220.594
2.436398,220.594
2.455250,220.594
2.474764,220.594
2.493923,220.594
2.514689,220.594
2.534285,220.594
2.553871,220.594
2.573230,220.594
2.593443,222.008
2.612712,222.008
2.632599,222.008
2.652345,222.008
2.671961,222.008
2.691494,222.008
2.710481,222.008
2.730080,222.008
2.749758,222.008
2.769457,222.008
2.788713,223.422
2.808277,223.422
2.828535,223.422
2.847697,223.422
2.867460,223.422
2.886709,223.422
2.905905,223.422
2.925241,223.422
2.944693,223.422
2.964303,223.422
2.983373,224.836
3.002594,224.836
3.021776,224.836
3.041286,224.836
3.060242,224.836
3.079423,224.836
3.098636,224.836
3.117892,224.836
3.138847,224.836
3.158104,224.836
3.177172,226.250
3.196048,226.250
3.214720,226.250
3.234095,226.250
3.253566,226.250
3.273615,226.250
3.293301,226.250
3.312313,226.250
3.331315,226.250
3.350621,226.250
3.369926,227.664
3.389672,227.664
3.409140,227.664
3.428909,227.664
3.448698,227.664
3.467758,227.664
3.486812,227.664
3.505597,227.664
3.524440,227.664
3.543300,227.664
3.562138,229.078
3.581604,229.078
3.600708,229.078
3.620297,229.078
3.639777,229.078
3.658838,229.078
3.678797,229.078
3.697852,229.078
3.717118,229.078
3.736422,229.078
3.756575,230.492
3.775596,230.492
3.794873,230.492
3.814603,230.492
3.834950,230.492
3.854274,230.492
3.873857,230.492
3.893786,230.492
3.913155,230.492
3.933317,230.492
3.952266,231.906
3.971744,231.906
3.991109,231.906
4.010818,231.906
4.029820,231.906
4.049704,231.906
4.069036,231.906
4.087987,231.906
4.107939,231.906
4.127472,231.906
4.146270,231.906
4.165601,233.320
4.184840,233.320
4.203844,233.320
4.223133,233.320
4.242120,233.320
4.261518,233.320
4.280803,233.320
4.300046,233.320
4.318951,233.320
4.338433,233.320
4.357702,234.734
4.377685,234.734
4.396908,234.734
4.415754,234.734
4.434991,234.734
4.454441,234.734
4.473492,234.734
4.492852,234.734
4.512106,234.734
4.531289,234.734
4.550408,236.148
4.569592,236.148
4.589701,236.148
4.609095,236.148
4.627778,236.148
4.647218,236.148
4.666403,236.148
4.685821,236.148
4.705450,236.148
4.725357,236.148
4.744410,236.148
4.763771,237.562
4.782912,237.562
4.802187,237.562
4.822339,237.562
4.841742,237.562
4.861389,237.562
4.880637,237.562
4.900276,237.562
4.919258,237.562
4.939114,237.562
4.958842,238.977
4.978382,238.977
4.998277,238.977
5.017338,238.977
5.036393,238.977
5.055681,238.977
5.074956,238.977
5.094572,238.977
5.114628,238.977
5.134395,238.977
5.154354,238.977
5.173961,240.391
5.193458,240.391
5.212476,240.391
5.231548,240.391
5.250467,240.391
5.270185,240.391
5.289668,240.391
5.309307,240.391
5.328485,240.391
5.347680,240.391
5.366653,241.805
5.385722,241.805
5.405275,241.805
5.424195,241.805
5.443281,241.805
5.462521,241.805
5.482062,241.805
5.501184,241.805
5.521081,241.805
5.541092,241.805
5.560912,241.805
5.580609,243.219
5.600437,243.219
5.619467,243.219
5.639319,243.219
5.658700,243.219
5.678398,243.219
5.698029,243.219
5.717739,243.219
5.737128,243.219
5.757029,243.219
5.776347,243.219
5.795134,244.633
5.814448,244.633
5.834069,244.633
5.853538,244.633
5.872322,244.633
5.891495,244.633
5.910809,244.633
5.931697,244.633
5.950822,244.633
5.969719,244.633
5.989398,244.633
6.008735,246.047
6.027726,246.047
6.046694,246.047
6.065651,246.047
6.085613,246.047
6.105026,246.047
6.124368,246.047
6.143515,246.047
6.162439,246.047
6.181910,246.047
6.201557,246.047
6.220975,247.461
6.240446,247.461
6.260181,247.461
6.279540,247.461
6.298692,247.461
6.317771,247.461
6.337643,247.461
6.357073,247.461
6.376090,247.461
6.395649,247.461
6.414863,248.875
6.434315,248.875
6.454068,248.875
6.473117,248.875
6.492570,248.875
6.511517,248.875
6.530969,248.875
6.550086,248.875
6.569261,248.875
6.588759,248.875
6.608573,248.875
6.628089,248.875
6.647516,250.289
6.667130,250.289
6.686741,250.289
6.706063,250.289
6.725521,250.289
6.744834,250.289
6.764290,250.289
6.784445,250.289
6.803577,250.289
6.822840,250.289
6.841965,250.289
6.861225,251.703
6.880811,251.703
6.899754,251.703
6.919693,251.703
6.938935,251.703
6.958289,251.703
6.977397,251.703
6.997279,251.703
7.017317,251.703
7.036435,251.703
7.055479,251.703
7.075030,253.117
7.094354,253.117
7.113972,253.117
7.133371,253.117
7.152690,253.117
7.171676,253.117
7.190882,253.117
7.210290,253.117
7.230041,253.117
7.249130,253.117
7.268384,253.117
7.287852,254.531
7.306570,254.531
7.326294,254.531
7.345867,254.531
7.365213,254.531
7.384757,254.531
7.404403,254.531
7.423323,254.531
7.442282,254.531
7.462381,254.531
7.482228,254.531
7.501435,255.945
7.521436,255.945
7.540984,255.945
7.559959,255.945
7.579241,255.945
7.598346,255.945
7.617871,255.945
7.636950,255.945
7.655659,255.945
7.675204,255.945
7.694090,255.945
7.713666,257.359
7.733492,257.359
7.753387,257.359
7.772305,257.359
7.792061,257.359
7.811186,257.359
7.831492,257.359
7.850459,257.359
7.869704,257.359
7.889219,257.359
7.908748,257.359
7.927733,257.359
7.946941,258.773
7.965963,258.773
7.985577,258.773
8.004938,258.773
8.025825,258.773
8.045320,258.773
8.064474,258.773
8.083986,258.773
8.103628,258.773
8.122923,258.773
8.142224,258.773
8.161337,260.188
8.180804,260.188
8.200056,260.188
8.219128,260.188
8.238025,260.188
8.257662,260.188
8.277004,260.188
8.296299,260.188
8.315707,260.188
8.334796,260.188
8.354049,260.188
8.373206,260.188
8.392601,261.602
8.411989,261.602
8.431405,261.602
8.450497,261.602
8.470418,261.602
8.490037,261.602
8.509769,261.602
8.528936,261.602
8.548779,261.602
8.568067,261.602
8.587515,261.602
8.606824,263.016
8.626588,263.016
8.646009,263.016
8.665072,263.016
8.683967,263.016
8.703686,263.016
8.723875,263.016
8.743616,263.016
8.763263,263.016
8.782829,263.016
8.802643,263.016
8.822381,263.016
8.841996,264.430
8.861763,264.430
8.882319,264.430
8.902159,264.430
8.921529,264.430
8.940659,264.430
8.960422,264.430
8.980375,264.430
8.999641,264.430
9.019146,264.430
9.039233,264.430
9.058440,265.844
9.077946,265.844
9.097678,265.844
9.117679,265.844
9.137930,265.844
9.157044,265.844
9.177563,265.844
9.197432,265.844
9.217068,265.844
9.237351,265.844
9.256957,265.844
9.275862,265.844
9.295550,267.258
9.315118,267.258
9.334810,267.258
9.354175,267.258
9.373417,267.258
9.392710,267.258
9.412207,267.258
9.431936,267.258
9.450996,267.258
9.470138,267.258
9.489652,267.258
9.508864,267.258
9.528142,268.672
9.547772,268.672
9.566950,268.672
9.586702,268.672
9.605928,268.672
9.625243,268.672
9.645224,268.672
9.664797,268.672
9.684492,268.672
9.703796,268.672
9.723040,268.672
9.742875,268.672
9.762757,270.086
9.782506,270.086
9.802293,270.086
9.822030,270.086
9.841820,270.086
9.861840,270.086
9.881163,270.086
9.900555,270.086
9.919600,270.086
9.938759,270.086
9.957838,270.086
9.977640,271.500
9.997109,271.500
10.015893,271.500
10.034974,271.500
10.054587,271.500
10.073661,271.500
10.092999,271.500
10.112212,271.500
10.131472,271.500
10.150695,271.500
10.170926,271.500
10.189983,271.500
10.209659,272.914
10.229247,272.914
10.248154,272.914
10.267508,272.914
10.286886,272.914
10.306008,272.914
10.326394,272.914
10.345651,272.914
10.365404,272.914
10.385329,272.914
10.405643,272.914
10.424712,272.914
10.443986,274.328
10.463301,274.328
10.482411,274.328
10.502427,274.328
10.522115,274.328
10.541754,274.328
10.561845,274.328
10.582443,274.328
10.602174,274.328
10.621170,274.328
10.640323,274.328
10.660009,274.328
10.679943,275.742
10.699113,275.742
10.718723,275.742
10.738422,275.742
10.758567,275.742
10.778100,275.742
10.797269,275.742
10.816312,275.742
10.835550,275.742
10.855206,275.742
10.875123,275.742
10.893928,275.742
10.913656,277.156
10.932646,277.156
10.952303,277.156
10.971493,277.156
10.991038,277.156
11.010525,277.156
11.030219,277.156
11.049409,277.156
11.069013,277.156
11.088140,277.156
11.107126,277.156
11.127037,277.156
11.146119,277.156
11.165448,278.570
11.185221,278.570
11.204767,278.570
11.224647,278.570
11.244023,278.570
11.263008,278.570
11.282134,278.570
11.301268,278.570
11.320915,278.570
11.340126,278.570
11.359697,278.570
11.378956,278.570
11.398353,279.984
11.417782,279.984
11.437262,279.984
11.456105,279.984
11.475259,279.984
11.494590,279.984
11.514596,279.984
11.534411,279.984
11.553612,279.984
11.573462,279.984
11.592591,279.984
11.612636,279.984
11.632156,281.398
11.651246,281.398
11.671224,281.398
11.690958,281.398
11.710226,281.398
11.730552,281.398
11.749962,281.398
11.769843,281.398
11.788922,281.398
11.808022,281.398
11.827246,281.398
11.846757,281.398
11.866055,281.398
11.885957,282.812
11.905891,282.812
11.925268,282.812
11.944538,282.812
11.963359,282.812
11.982249,282.812
12.001771,282.812
12.021339,282.812
12.040398,282.812
12.059673,282.812
12.079293,282.812
12.098076,282.812
12.117567,284.227
12.136596,284.227
12.155287,284.227
12.175293,284.227
12.194565,284.227
12.213701,284.227
12.232644,284.227
12.252762,284.227
12.271555,284.227
12.291225,284.227
12.310744,284.227
12.330075,284.227
12.349373,284.227
12.368942,285.641
12.388413,285.641
12.407599,285.641
12.427119,285.641
12.446377,285.641
12.465672,285.641
12.485105,285.641
12.504474,285.641
12.523508,285.641
12.542681,285.641
12.562637,285.641
12.581954,285.641
12.602319,287.055
12.622172,287.055
12.641801,287.055
12.661456,287.055
12.681042,287.055
12.700976,287.055
12.720749,287.055
12.740149,287.055
12.759000,287.055
12.778435,287.055
12.797908,287.055
12.817485,287.055
12.836756,287.055
12.856343,288.469
12.875276,288.469
12.894450,288.469
12.913681,288.469
12.933166,288.469
12.952062,288.469
12.971170,288.469
12.990612,288.469
13.010809,288.469
13.030196,288.469
13.049243,288.469
13.068046,288.469
13.087145,288.469
13.106213,289.883
13.125916,289.883
13.144943,289.883
13.164200,289.883
13.184062,289.883
13.203144,289.883
13.222331,289.883
13.242002,289.883
13.262244,289.883
13.282105,289.883
13.301511,289.883
13.320955,289.883
13.340923,289.883
13.360305,291.297
13.380151,291.297
13.399450,291.297
13.419080,291.297
13.438390,291.297
13.458530,291.297
13.477574,291.297
13.496756,291.297
13.516988,291.297
13.535719,291.297
13.554970,291.297
13.574431,291.297
13.593852,292.711
13.613152,292.711
13.632624,292.711
13.652466,292.711
13.672067,287.055
13.691191,275.742
13.710967,264.430
13.731258,253.117
13.750582,241.805
13.770280,230.492
13.789620,219.180
13.808929,207.867
13.828523,196.555
13.848169,185.242
13.867280,175.344
13.886363,162.617
13.905468,151.305
13.924570,145.648
13.943444,145.648
13.962566,145.648
13.982328,145.648
14.001667,145.648
14.021004,145.648
14.041135,145.648
14.060196,147.062
14.079550,147.062
14.098856,147.062
14.118151,147.062
14.137229,147.062
14.156857,147.062
14.175939,148.477
14.195516,148.477
14.214707,148.477
14.234728,148.477
14.254233,148.477
14.273968,148.477
14.293323,148.477
14.312728,149.891
14.331778,149.891
14.351194,149.891
14.370967,149.891
14.390101,149.891
14.409668,149.891
14.429531,151.305
14.449420,151.305
14.468881,151.305
14.488266,151.305
14.507149,151.305
14.526325,151.305
14.545974,151.305
14.566339,152.719
14.585877,152.719
14.605126,152.719
14.625068,152.719
14.644321,152.719
14.663702,152.719
14.682477,152.719
14.701994,154.133
14.721682,154.133
14.741237,154.133
14.761129,154.133
14.780773,154.133
14.800304,154.133
14.820028,155.547
14.839145,155.547
14.858778,155.547
14.877974,155.547
14.897059,155.547
14.917109,155.547
14.936472,155.547
14.955672,156.961
14.974786,156.961
14.994487,156.961
15.013845,156.961
15.033226,156.961
15.053635,156.961
15.073349,156.961
15.092844,158.375
15.113238,158.375
15.132853,158.375
15.152012,158.375
15.171260,158.375
15.190925,158.375
15.210464,158.375
15.230330,159.789
15.250223,159.789
15.269663,159.789
15.289250,159.789
15.308401,159.789
15.327845,159.789
15.347595,159.789
15.366663,161.203
15.386132,161.203
15.405703,161.203
15.425033,161.203
15.444086,161.203
15.463158,161.203
15.482403,161.203
15.501949,162.617
15.521493,162.617
15.540626,162.617
15.561201,162.617
15.580951,162.617
15.600949,162.617
15.620333,162.617
15.639757,164.031
15.659620,164.031
15.678805,164.031
15.698472,164.031
15.718188,164.031
15.738260,164.031
15.757679,164.031
15.776843,165.445
15.795975,165.445
15.814480,165.445
15.833788,165.445
15.852768,165.445
15.872413,165.445
15.891323,165.445
15.911225,165.445
15.931183,166.859
15.950629,166.859
15.970044,166.859
15.990021,166.859
16.009424,166.859
16.028403,166.859
16.047560,166.859
16.066995,168.273
16.086843,168.273
16.106261,168.273
16.125749,168.273
16.145151,168.273
16.164378,168.273
16.183230,168.273
16.201947,168.273
16.221574,169.688
16.241405,169.688
16.261582,169.688
16.280462,169.688
16.299850,169.688
16.319260,169.688
16.338519,169.688
16.358488,171.102
16.377901,171.102
16.397585,171.102
16.416705,171.102
16.436874,171.102
16.456378,171.102
16.475986,171.102
16.495509,172.516
16.514727,172.516
16.533920,172.516
16.553185,172.516
16.572445,172.516
16.591670,172.516
16.610857,172.516
16.630294,172.516
16.650266,173.930
16.670070,173.930
16.689139,173.930
16.708047,173.930
16.727492,173.930
16.746829,173.930
16.766649,173.930
16.785812,173.930
16.805966,175.344
16.824855,175.344
16.844505,175.344
16.863926,175.344
16.883164,175.344
16.902545,175.344
16.922221,175.344
16.941943,175.344
16.961965,176.758
16.981601,176.758
17.000572,176.758
17.020580,176.758
17.039851,176.758
17.059076,176.758
17.078571,176.758
17.097976,178.172
17.117848,178.172
17.137571,178.172
17.157022,178.172
17.175959,178.172
17.195383,178.172
17.214297,178.172
17.233312,178.172
17.252434,179.586
17.271499,179.586
17.291110,179.586
17.310633,179.586
17.329915,179.586
17.349484,179.586
17.369675,179.586
17.389129,179.586
17.408636,181.000
17.428053,181.000
17.446980,181.000
17.466480,181.000
17.485910,181.000
17.505362,181.000
17.525487,181.000
17.545484,181.000
17.564406,182.414
17.584288,182.414
17.603861,182.414
17.622791,182.414
17.642512,182.414
17.662186,182.414
17.682142,182.414
17.701405,182.414
17.720728,183.828
17.740103,183.828
17.759512,183.828
17.778563,183.828
17.798498,183.828
17.817708,183.828
17.837789,183.828
17.857125,183.828
17.876374,185.242
17.895595,185.242
17.914998,185.242
17.933844,185.242
17.952802,185.242
17.972701,185.242
17.991931,185.242
18.010665,185.242
18.029912,185.242
18.049152,186.656
18.069246,186.656
18.089225,186.656
18.108504,186.656
18.128118,186.656
18.146981,186.656
18.166554,186.656
18.186116,186.656
18.205593,188.070
18.225155,188.070
18.244469,188.070
18.263990,188.070
18.283059,188.070
18.302264,188.070
18.321140,188.070
18.340141,188.070
18.359788,189.484
18.378842,189.484
18.398739,189.484
18.418175,189.484
18.437578,189.484
18.456679,189.484
18.476278,189.484
18.495815,189.484
18.514949,190.898
18.533914,190.898
18.553273,190.898
18.572647,190.898
18.592083,190.898
18.611531,190.898
18.630619,190.898
18.649654,190.898
18.669746,190.898
18.688651,192.312
18.708292,192.312
18.727611,192.312
18.746996,192.312
18.766652,192.312
18.786806,192.312
18.806646,192.312
18.825902,192.312
18.846892,193.727
18.866655,193.727
18.886779,193.727
18.906291,193.727
18.925744,193.727
18.945451,193.727
18.964693,193.727
18.983734,193.727
19.003175,193.727
19.022964,195.141
19.041948,195.141
19.061664,195.141
19.081259,195.141
19.101061,195.141
19.120938,195.141
19.140657,195.141
19.160365,195.141
19.179439,196.555
19.198389,196.555
19.217565,196.555
19.237298,196.555
19.256566,196.555
19.275801,196.555
19.295024,196.555
19.314290,196.555
19.334007,196.555
19.353390,197.969
19.372777,197.969
19.392053,197.969
19.411337,197.969
19.430854,197.969
19.450528,197.969
19.470820,197.969
19.490632,197.969
19.510091,197.969
19.530162,199.383
19.549172,199.383
19.568386,199.383
19.587657,199.383
19.606676,199.383
19.626663,199.383
19.645856,199.383
19.665354,199.383
19.685040,200.797
19.704749,200.797
19.723767,200.797
19.742899,200.797
19.762223,200.797
19.781501,200.797
19.800505,200.797
19.820350,200.797
19.839539,200.797
19.858930,202.211
19.878048,202.211
19.897713,202.211
19.917390,202.211
19.937533,202.211
19.957168,202.211
19.976386,202.211
19.996240,202.211
20.015686,202.211
20.034908,203.625
20.054117,203.625
20.073811,203.625
20.093325,203.625
20.112503,203.625
20.132230,203.625
20.151406,203.625
20.170722,203.625
20.190644,203.625
20.210529,205.039
20.230093,205.039
20.249663,205.039
20.269225,205.039
20.288381,205.039
20.307688,205.039
20.326582,205.039
20.346688,205.039
20.366660,205.039
20.386594,206.453
20.405830,206.453
20.425153,206.453
20.445038,206.453
20.465117,206.453
20.484882,206.453
20.504152,206.453
20.523172,206.453
20.542514,206.453
20.562604,207.867
20.581836,207.867
20.601130,207.867
20.620212,207.867
20.639878,207.867
20.659589,207.867
20.678298,207.867
20.697911,207.867
20.717554,207.867
20.737554,209.281
20.758132,209.281
20.777586,209.281
20.797344,209.281
20.816583,209.281
20.835861,209.281
20.855382,209.281
20.874714,209.281
20.894321,209.281
20.913313,209.281
20.932219,210.695
20.952200,210.695
20.971303,210.695
20.990717,210.695
21.009611,210.695
21.029552,210.695
21.049395,210.695
21.068370,210.695
21.088365,210.695
21.108289,212.109
21.127740,212.109
21.147371,212.109
21.166867,212.109
21.186268,212.109
21.205895,212.109
21.225010,212.109
21.244577,212.109
21.263755,212.109
21.283315,213.523
21.302477,213.523
21.321746,213.523
21.341020,213.523
21.360028,213.523
21.379468,213.523
21.398735,213.523
21.418208,213.523
21.437435,213.523
21.456302,213.523
21.475372,214.938
21.494589,214.938
21.513508,214.938
21.533026,214.938
21.552415,214.938
21.571170,214.938
21.590764,214.938
21.610949,214.938
21.630264,214.938
21.650225,216.352
21.669404,216.352
21.689385,216.352
21.708541,216.352
21.728481,216.352
21.748086,216.352
21.767425,216.352
21.786775,216.352
21.806209,216.352
21.825784,216.352
21.845277,217.766
21.864467,217.766
21.883689,217.766
21.902607,217.766
21.922086,217.766
21.941368,217.766
21.960258,217.766
21.979534,217.766
21.998521,217.766
22.018157,219.180
22.037312,219.180
22.056276,219.180
22.075476,219.180
22.095409,219.180
22.115414,219.180
22.134726,219.180
22.154313,219.180
22.173709,219.180
22.193212,219.180
22.212709,220.594
22.231770,220.594
22.250540,220.594
22.270149,220.594
22.289599,220.594
22.309272,220.594
22.328592,220.594
22.347594,220.594
22.366503,220.594
22.385894,220.594
22.406375,222.008
22.425802,222.008
22.445883,222.008
22.465669,222.008
22.485659,222.008
22.505858,222.008
22.525040,222.008
22.544535,222.008
22.563764,222.008
22.582829,222.008
22.601939,223.422
22.621310,223.422
22.641064,223.422
22.660431,223.422
22.679104,223.422
22.698467,223.422
22.717394,223.422
22.737246,223.422
22.756720,223.422
22.776112,223.422
22.795573,224.836
22.814757,224.836
22.833686,224.836
22.853259,224.836
22.872205,224.836
22.891585,224.836
22.911756,224.836
22.931746,224.836
22.951222,224.836
22.970570,226.250
22.991585,226.250
23.010543,226.250
23.030522,226.250
23.050216,226.250
23.069939,226.250
23.089545,226.250
23.109400,226.250
23.129524,226.250
23.148393,226.250
23.167781,227.664
23.187008,227.664
23.206343,227.664
23.226135,227.664
23.245630,227.664
23.265238,227.664
23.284456,227.664
23.303246,227.664
23.322420,227.664
23.341742,227.664
23.361932,229.078
23.381324,229.078
23.401176,229.078
23.420351,229.078
23.439533,229.078
23.458939,229.078
23.477997,229.078
23.497607,229.078
23.517179,229.078
23.536841,229.078
23.556121,230.492
23.575608,230.492
23.595209,230.492
23.614817,230.492
23.634466,230.492
23.654099,230.492
23.673524,230.492
23.692366,230.492
23.711233,230.492
23.730924,230.492
23.750137,230.492
23.769936,231.906
23.790314,231.906
23.809858,231.906
23.829459,231.906
23.849018,231.906
23.868226,231.906
23.887655,231.906
23.906470,231.906
23.925790,231.906
23.945531,231.906
23.964972,233.320
23.984156,233.320
24.003431,233.320
24.023112,233.320
24.042523,233.320
24.061591,233.320
24.081936,233.320
24.101897,233.320
24.121937,233.320
24.141537,233.320
24.161440,234.734
24.181937,234.734
24.201327,234.734
24.220686,234.734
24.240168,234.734
24.259180,234.734
24.278343,234.734
24.298496,234.734
24.318543,234.734
24.337505,234.734
24.356982,236.148
24.376264,236.148
24.395896,236.148
24.415310,236.148
24.434426,236.148
24.454614,236.148
24.474781,236.148
24.494390,236.148
24.513655,236.148
24.533247,236.148
24.552750,236.148
24.572068,237.562
24.590784,237.562
24.610534,237.562
24.629860,237.562
24.649187,237.562
24.667807,237.562
24.687243,237.562
24.706570,237.562
24.725498,237.562
24.744605,237.562
24.764687,238.977
24.784489,238.977
24.803613,238.977
24.822870,238.977
24.842287,238.977
24.862226,238.977
24.881410,238.977
24.901222,238.977
24.920744,238.977
24.939715,238.977
24.958900,238.977
24.978571,240.391
24.998218,240.391
25.018562,240.391
25.037557,240.391
25.057141,240.391
25.076787,240.391
25.095906,240.391
25.114806,240.391
25.134049,240.391
25.153235,240.391
25.172336,241.805
25.191478,241.805
25.210859,241.805
25.230007,241.805
25.250029,241.805
25.269799,241.805
25.289802,241.805
25.310015,241.805
25.329823,241.805
25.349037,241.805
25.368415,241.805
25.387741,243.219
25.407155,243.219
25.426289,243.219
25.445900,243.219
25.465744,243.219
25.485695,243.219
25.505025,243.219
25.524540,243.219
25.544479,243.219
25.563385,243.219
25.582766,243.219
25.602297,244.633
25.622133,244.633
25.642017,244.633
25.661651,244.633
25.681449,244.633
25.700708,244.633
25.720167,244.633
25.739221,244.633
25.758623,244.633
25.777834,244.633
25.797410,246.047
25.816657,246.047
25.835949,246.047
25.854661,246.047
25.874629,246.047
25.894303,246.047
25.913695,246.047
25.933380,246.047
25.952798,246.047
25.972038,246.047
25.991742,246.047
26.011293,247.461
26.032025,247.461
26.051814,247.461
26.070481,247.461
26.090080,247.461
26.109629,247.461
26.129469,247.461
26.148853,247.461
26.168205,247.461
26.187302,247.461
26.206761,247.461
26.227126,248.875
26.246781,248.875
26.265957,248.875
26.285527,248.875
26.305016,248.875
26.324385,248.875
26.344264,248.875
26.363655,248.875
26.382715,248.875
26.402683,248.875
26.422075,248.875
26.441739,250.289
26.461065,250.289
26.480239,250.289
26.499678,250.289
26.519130,250.289
26.538167,250.289
26.557459,250.289
26.577185,250.289
26.596285,250.289
26.615364,250.289
26.634406,250.289
26.653651,251.703
26.672831,251.703
26.692161,251.703
26.712206,251.703
26.731288,251.703
26.750513,251.703
26.769574,251.703
26.788882,251.703
26.808596,251.703
26.828088,251.703
26.848527,251.703
26.867685,253.117
26.886506,253.117
26.905834,253.117
26.925253,253.117
26.944409,253.117
26.963462,253.117
26.983530,253.117
27.003239,253.117
27.022332,253.117
27.042392,253.117
27.062431,253.117
27.081912,254.531
27.101339,254.531
27.120959,254.531
27.140173,254.531
27.159382,254.531
27.179928,254.531
27.199104,254.531
27.218603,254.531
27.238033,254.531
27.257336,254.531
27.276278,254.531
27.296600,255.945
27.317033,255.945
27.337666,255.945
27.356731,255.945
27.377065,255.945
27.396734,255.945
27.415986,255.945
27.435461,255.945
27.456199,255.945
27.476316,255.945
27.496891,255.945
27.516342,257.359
27.535906,257.359
27.556009,257.359
27.574959,257.359
27.594309,257.359
27.613444,257.359
27.633583,257.359
27.652656,257.359
27.672007,257.359
27.691391,257.359
27.710753,257.359
27.730017,257.359
27.749616,258.773
27.769763,258.773
27.789390,258.773
27.808213,258.773
27.827189,258.773
27.846215,258.773
27.865339,258.773
27.884398,258.773
27.903607,258.773
27.922939,258.773
27.942796,258.773
27.962106,260.188
27.981978,260.188
28.001579,260.188
28.020884,260.188
28.040795,260.188
28.059797,260.188
28.079308,260.188
28.098414,260.188
28.117624,260.188
28.137464,260.188
28.156516,260.188
28.176139,260.188
28.195148,261.602
28.214466,261.602
28.234075,261.602
28.253807,261.602
28.276659,261.602
28.295775,261.602
28.315194,261.602
28.334706,261.602
28.354436,261.602
28.373798,261.602
28.392541,261.602
28.412072,263.016
28.431064,263.016
28.451015,263.016
28.470832,263.016
28.490744,263.016
28.510158,263.016
28.529915,263.016
28.549383,263.016
28.568905,263.016
28.588343,263.016
28.607625,263.016
28.626387,263.016
28.646102,264.430
28.665953,264.430
28.685650,264.430
28.705358,264.430
28.725647,264.430
28.744443,264.430
28.763594,264.430
28.782930,264.430
28.802295,264.430
28.821354,264.430
28.840767,264.430
28.860974,265.844
28.880162,265.844
28.899006,265.844
28.918532,265.844
28.938196,265.844
28.957651,265.844
28.976960,265.844
28.996445,265.844
29.016092,265.844
29.035366,265.844
29.054390,265.844
29.075742,265.844
29.096422,267.258
29.115443,267.258
29.134578,267.258
29.154036,267.258
29.173244,267.258
29.192517,267.258
29.211488,267.258
29.231215,267.258
29.250164,267.258
29.269675,267.258
29.288974,267.258
29.308375,267.258
29.327907,268.672
29.347830,268.672
29.367098,268.672
29.387016,268.672
29.406510,268.672
29.426678,268.672
29.446420,268.672
29.465639,268.672
29.485474,268.672
29.504680,268.672
29.523826,268.672
29.543101,268.672
29.562495,270.086
29.582061,270.086
29.601131,270.086
29.620431,270.086
29.639663,270.086
29.659207,270.086
29.678305,270.086
29.698165,270.086
29.717995,270.086
29.738068,270.086
29.757893,270.086
29.777583,271.500
29.797553,271.500
29.816525,271.500
29.836197,271.500
29.855337,271.500
29.874685,271.500
29.894843,271.500
29.915552,271.500
29.934472,271.500
29.954342,271.500
29.973601,271.500
29.992971,271.500
30.012223,272.914
30.031882,272.914
30.050876,272.914
30.070715,272.914
30.091037,272.914
30.109896,272.914
30.129334,272.914
30.148597,272.914
30.168405,272.914
30.187300,272.914
30.206706,272.914
30.225865,272.914
30.245153,274.328
30.264314,274.328
30.283627,274.328
30.302469,274.328
30.321893,274.328
30.341235,274.328
30.361236,274.328
30.380109,274.328
30.399460,274.328
30.419029,274.328
30.438621,274.328
30.458100,274.328
30.477924,274.328
30.497930,275.742
30.517751,275.742
30.537265,275.742
30.556332,275.742
30.575724,275.742
30.595052,275.742
30.614300,275.742
30.634376,275.742
30.653362,275.742
30.673321,275.742
30.692775,275.742
30.712117,275.742
30.731044,277.156
30.750591,277.156
30.770145,277.156
30.790429,277.156
30.810614,277.156
30.830065,277.156
30.849631,277.156
30.869589,277.156
30.889630,277.156
30.908938,277.156
30.928491,277.156
30.947986,277.156
30.967621,278.570
30.986807,278.570
31.006129,278.570
31.025219,278.570
31.045405,278.570
31.064818,278.570
31.084352,278.570
31.104088,278.570
31.123845,278.570
31.143056,278.570
31.162045,278.570
31.181535,278.570
31.201420,279.984
31.220706,279.984
31.239926,279.984
31.259015,279.984
31.278328,279.984
31.297775,279.984
31.317862,279.984
31.337879,279.984
31.357352,279.984
31.377380,279.984
31.396570,279.984
31.416428,279.984
31.435294,281.398
31.454492,281.398
31.474161,281.398
31.493627,281.398
31.514258,281.398
31.533472,281.398
31.552476,281.398
31.572350,281.398
31.591846,281.398
31.610950,281.398
31.630520,281.398
31.650158,281.398
31.669056,281.398
31.688101,282.812
31.707206,282.812
31.726903,282.812
31.747052,282.812
31.766520,282.812
31.786030,282.812
31.805412,282.812
31.824664,282.812
31.844763,282.812
31.864355,282.812
31.884252,282.812
31.903636,282.812
31.923180,284.227
31.942400,284.227
31.961878,284.227
31.982557,284.227
32.002080,284.227
32.021872,284.227
32.041374,284.227
32.060628,284.227
32.079513,284.227
32.098549,284.227
32.118506,284.227
32.137832,284.227
32.157214,285.641
32.176814,285.641
32.196332,285.641
32.215883,285.641
32.235804,285.641
32.256278,285.641
32.275505,285.641
32.294830,285.641
32.313865,285.641
32.333447,285.641
32.353447,285.641
32.377376,285.641
32.397095,285.641
32.416323,287.055
32.435981,287.055
32.455223,287.055
32.474093,287.055
32.494907,287.055
32.514085,287.055
32.533654,287.055
32.553010,287.055
32.572309,287.055
32.591500,287.055
32.610765,287.055
32.630547,287.055
32.650141,288.469
32.669490,288.469
32.689312,288.469
32.709744,288.469
32.728843,288.469
32.748106,288.469
32.766856,288.469
32.786460,288.469
32.806738,288.469
32.826370,288.469
32.845936,288.469
32.865421,288.469
32.885165,288.469
32.904984,289.883
32.924068,289.883
32.943910,289.883
32.963286,289.883
32.982422,289.883
33.002309,289.883
33.021890,289.883
33.040939,289.883
33.060315,289.883
33.079235,289.883
33.098426,289.883
33.117787,289.883
33.138007,289.883
33.156993,291.297
33.175874,291.297
33.195301,291.297
33.214326,291.297
33.233383,291.297
33.252438,291.297
33.271724,291.297
33.291269,291.297
33.310641,291.297
33.329951,291.297
33.349303,291.297
33.368773,291.297
33.388231,291.297
33.407906,292.711
33.426987,292.711
33.446872,292.711
33.466542,292.711
33.485997,292.711
33.505514,292.711
33.525027,292.711
33.544958,292.711
33.564656,292.711
33.584711,292.711
33.603746,292.711
33.623622,292.711
33.642532,292.711
33.661477,294.125
33.680358,294.125
33.699459,294.125
33.718723,294.125
33.738006,294.125
33.757748,294.125
33.777574,294.125
33.796750,294.125
33.816248,294.125
33.836161,294.125
33.855504,294.125
33.874905,294.125
33.894128,294.125
33.913638,295.539
33.933419,295.539
33.953535,295.539
33.973001,295.539
33.992269,295.539
34.011373,287.055
34.030131,274.328
34.049006,264.430
34.068283,253.117
34.088082,240.391
34.107631,230.492
34.126653,219.180
34.146111,206.453
34.166299,195.141
34.185980,185.242
34.205833,169.688
34.225410,158.375
34.245325,147.062
34.265224,147.062
34.284959,147.062
34.304260,147.062
34.323347,147.062
34.342721,147.062
34.362145,147.062
34.381559,147.062
34.400402,147.062
34.419986,147.062
34.439092,147.062
34.459083,147.062
34.477983,148.477
34.497559,148.477
34.517507,148.477
34.536998,148.477
34.557103,148.477
34.576848,148.477
34.597070,148.477
34.616538,149.891
34.636080,149.891
34.655495,149.891
34.675361,149.891
34.694402,149.891
34.713782,149.891
34.732794,151.305
34.751710,151.305
34.771334,151.305
34.790499,151.305
34.810095,151.305
34.829955,151.305
34.849463,151.305
34.868648,152.719
34.887997,152.719
34.907004,152.719
34.925991,152.719
34.945590,152.719
34.965207,152.719
34.984396,152.719
35.003388,154.133
35.023200,154.133
35.042415,154.133
35.061932,154.133
35.081758,154.133
35.101921,154.133
35.120903,154.133
35.140514,155.547
35.159961,155.547
35.179681,155.547
35.199271,155.547
35.218879,155.547
35.238349,155.547
35.258849,156.961
35.278185,156.961
35.297326,156.961
35.317019,156.961
35.336234,156.961
35.355558,156.961
35.375369,156.961
35.394993,158.375
35.414343,158.375
35.434382,158.375
35.454181,158.375
35.474184,158.375
35.494040,158.375
35.513504,158.375
35.532419,159.789
35.551598,159.789
35.570969,159.789
35.590594,159.789
35.609556,159.789
35.629086,159.789
35.648044,159.789
35.667369,161.203
35.686935,161.203
35.706866,161.203
35.726557,161.203
35.746489,161.203
35.765784,161.203
35.785002,161.203
35.804247,162.617
35.823557,162.617
35.843158,162.617
35.862305,162.617
35.882149,162.617
35.901773,162.617
35.921079,162.617
35.940772,164.031
35.960494,164.031
35.979537,164.031
35.998730,164.031
36.017872,164.031
36.037660,164.031
36.056865,164.031
36.076241,164.031
36.095434,165.445
36.114680,165.445
36.133515,165.445
36.152683,165.445
36.173086,165.445
36.192574,165.445
36.211560,165.445
36.230940,166.859
36.250720,166.859
36.270608,166.859
36.290065,166.859
36.309673,166.859
36.328897,166.859
36.348394,166.859
36.367599,168.273
36.386740,168.273
36.406521,168.273
36.426204,168.273
36.445607,168.273
36.464963,168.273
36.484700,168.273
36.503466,168.273
36.522706,169.688
36.541970,169.688
36.561076,169.688
36.580686,169.688
36.599990,169.688
36.619773,169.688
36.639086,169.688
36.658553,171.102
36.677757,171.102
36.697452,171.102
36.716423,171.102
36.735689,171.102
36.755065,171.102
36.774449,171.102
36.793878,171.102
36.813617,172.516
36.833414,172.516
36.852981,172.516
36.872374,172.516
36.891410,172.516
36.910392,172.516
36.930533,172.516
36.950271,173.930
36.969290,173.930
36.988933,173.930
37.008000,173.930
37.027308,173.930
37.046661,173.930
37.067164,173.930
37.086547,173.930
37.106070,175.344
37.125531,175.344
37.144489,175.344
37.164444,175.344
37.184349,175.344
37.203515,175.344
37.223105,175.344
37.243071,175.344
37.262122,176.758
37.281542,176.758
37.300712,176.758
37.320309,176.758
37.339323,176.758
37.358281,176.758
37.377735,176.758
37.397688,176.758
37.417794,178.172
37.437354,178.172
37.456651,178.172
37.476344,178.172
37.496328,178.172
37.515956,178.172
37.535665,178.172
37.555300,179.586
37.574771,179.586
37.594474,179.586
37.613792,179.586
37.633779,179.586
37.653357,179.586
37.672397,179.586
37.691589,179.586
37.711233,181.000
37.731003,181.000
37.750138,181.000
37.769666,181.000
37.788977,181.000
37.809184,181.000
37.828193,181.000
37.847333,181.000
37.866999,182.414
37.886269,182.414
37.905988,182.414
37.925410,182.414
37.944549,182.414
37.963861,182.414
37.983841,182.414
38.003560,182.414
38.022778,183.828
38.042926,183.828
38.062281,183.828
38.081582,183.828
38.100999,183.828
38.120234,183.828
38.139569,183.828
38.158586,183.828
38.177776,185.242
38.197237,185.242
38.216993,185.242
38.236036,185.242
38.255600,185.242
38.274984,185.242
38.294280,185.242
38.314423,185.242
38.334208,185.242
38.353583,186.656
38.373348,186.656
38.393212,186.656
38.412569,186.656
38.432342,186.656
38.451768,186.656
38.471385,186.656
38.490663,186.656
38.510228,188.070
38.529727,188.070
38.549689,188.070
38.569316,188.070
38.589033,188.070
38.608373,188.070
38.627522,188.070
38.646849,188.070
38.666677,189.484
38.686763,189.484
38.706845,189.484
38.726385,189.484
38.746230,189.484
38.766438,189.484
38.785750,189.484
38.805428,189.484
38.825459,190.898
38.846286,190.898
38.865611,190.898
38.885689,190.898
38.904708,190.898
38.924251,190.898
38.944393,190.898
38.964595,190.898
38.984609,192.312
39.004191,192.312
39.024221,192.312
39.043367,192.312
39.062586,192.312
39.082142,192.312
39.101690,192.312
39.122150,192.312
39.141838,192.312
39.161187,193.727
39.180822,193.727
39.201093,193.727
39.221210,193.727
39.240966,193.727
39.261280,193.727
39.281354,193.727
39.301079,193.727
39.321811,195.141
39.342440,195.141
39.362005,195.141
39.381708,195.141
39.400837,195.141
39.421033,195.141
39.440259,195.141
39.459509,195.141
39.478528,195.141
39.497519,196.555
39.518211,196.555
39.537862,196.555
39.557908,196.555
39.577337,196.555
39.596724,196.555
39.616299,196.555
39.636338,196.555
39.656382,197.969
39.676147,197.969
39.695776,197.969
39.714508,197.969
39.734511,197.969
39.754357,197.969
39.773306,197.969
39.792831,197.969
39.812693,197.969
39.832081,199.383
39.852073,199.383
39.871519,199.383
39.890618,199.383
39.910037,199.383
39.929581,199.383
39.948583,199.383
39.968059,199.383
39.987271,199.383
40.006579,200.797
40.026122,200.797
40.045638,200.797
40.064914,200.797
40.083793,200.797
40.103631,200.797
40.123367,200.797
40.142865,200.797
40.162224,202.211
40.181940,202.211
40.201604,202.211
40.220488,202.211
40.239340,202.211
40.259164,202.211
40.278088,202.211
40.297184,202.211
40.316682,202.211
40.336654,203.625
40.356036,203.625
40.375185,203.625
40.394855,203.625
40.414190,203.625
40.433735,203.625
40.453110,203.625
40.472899,203.625
40.492231,203.625
40.510998,205.039
40.530250,205.039
40.549700,205.039
40.570220,205.039
40.589534,205.039
40.608759,205.039
40.628290,205.039
40.647453,205.039
40.667689,205.039
40.687226,206.453
40.706463,206.453
40.725981,206.453
40.745156,206.453
40.764969,206.453
40.784644,206.453
40.803802,206.453
40.823531,206.453
40.842710,206.453
40.861596,206.453
40.881120,207.867
40.900371,207.867
40.919973,207.867
40.939007,207.867
40.958118,207.867
40.977464,207.867
40.997509,207.867
41.016708,207.867
41.036614,207.867
41.056252,209.281
41.075700,209.281
41.095115,209.281
41.114519,209.281
41.134289,209.281
41.153397,209.281
41.172777,209.281
41.192399,209.281
41.212116,209.281
41.231550,210.695
41.251177,210.695
41.270234,210.695
41.289690,210.695
41.309078,210.695
41.328759,210.695
41.348494,210.695
41.367532,210.695
41.387516,210.695
41.406892,212.109
41.426943,212.109
41.446126,212.109
41.465358,212.109
41.484931,212.109
41.504719,212.109
41.524469,212.109
41.544414,212.109
41.564749,212.109
41.584040,213.523
41.603721,213.523
41.623239,213.523
41.642703,213.523
41.662144,213.523
41.681638,213.523
41.701201,213.523
41.720457,213.523
41.740028,213.523
41.759587,213.523
41.778955,214.938
41.798451,214.938
41.818152,214.938
41.837674,214.938
41.856913,214.938
41.876691,214.938
41.896416,214.938
41.915603,214.938
41.935206,214.938
41.954434,216.352
41.973781,216.352
41.993558,216.352
42.013289,216.352
42.032555,216.352
42.051857,216.352
42.071227,216.352
42.091161,216.352
42.110771,216.352
42.129798,216.352
42.149306,217.766
42.168657,217.766
42.188296,217.766
42.207138,217.766
42.226733,217.766
42.246134,217.766
42.265579,217.766
42.285534,217.766
42.305572,217.766
42.325342,219.180
42.344524,219.180
42.363933,219.180
42.383646,219.180
42.403019,219.180
42.422644,219.180
42.442540,219.180
42.461675,219.180
42.480431,219.180
42.499915,219.180
42.519219,220.594
42.538452,220.594
42.557371,220.594
42.577118,220.594
42.596984,220.594
42.617172,220.594
42.636784,220.594
42.656070,220.594
42.675103,220.594
42.694517,220.594
42.714508,222.008
42.734372,222.008
42.753834,222.008
42.772881,222.008
42.792074,222.008
42.811371,222.008
42.830946,222.008
42.850764,222.008
42.870781,222.008
42.890222,223.422
42.910069,223.422
42.929942,223.422
42.949658,223.422
42.969112,223.422
42.988442,223.422
43.008485,223.422
43.027957,223.422
43.047248,223.422
43.066904,223.422
43.085986,224.836
43.105368,224.836
43.124859,224.836
43.144142,224.836
43.163965,224.836
43.184179,224.836
43.203559,224.836
43.222786,224.836
43.241840,224.836
43.260954,224.836
43.281130,226.250
43.301217,226.250
43.320772,226.250
43.340569,226.250
43.359872,226.250
43.378901,226.250
43.398131,226.250
43.417736,226.250
43.436946,226.250
43.456421,226.250
43.475832,227.664
43.495121,227.664
43.514264,227.664
43.533306,227.664
43.552648,227.664
43.571719,227.664
43.590980,227.664
43.610190,227.664
43.630849,227.664
43.650223,227.664
43.669932,229.078
43.688953,229.078
43.708667,229.078
43.727974,229.078
43.747358,229.078
43.766559,229.078
43.785404,229.078
43.804887,229.078
43.824375,229.078
43.844157,229.078
43.863838,230.492
43.883608,230.492
43.902623,230.492
43.922284,230.492
43.941432,230.492
43.961286,230.492
43.980842,230.492
43.999767,230.492
44.019043,230.492
44.038748,230.492
44.058326,231.906
44.077760,231.906
44.098169,231.906
44.117884,231.906
44.137402,231.906
44.156422,231.906
44.175567,231.906
44.194977,231.906
44.214470,231.906
44.234353,231.906
44.253541,231.906
44.272786,233.320
44.292856,233.320
44.311643,233.320
44.330639,233.320
44.350885,233.320
44.369878,233.320
44.389565,233.320
44.408555,233.320
44.428456,233.320
44.447466,233.320
44.467483,234.734
44.486325,234.734
44.505721,234.734
44.525788,234.734
44.545680,234.734
44.565422,234.734
44.584697,234.734
44.604337,234.734
44.623848,234.734
44.643196,234.734
44.662381,236.148
44.682225,236.148
44.702022,236.148
44.721612,236.148
44.741319,236.148
44.760507,236.148
44.779590,236.148
44.798961,236.148
44.818824,236.148
44.838389,236.148
44.857704,236.148
44.876634,237.562
44.895834,237.562
44.915207,237.562
44.934708,237.562
44.954355,237.562
44.973925,237.562
44.994170,237.562
45.013465,237.562
45.032703,237.562
45.051469,237.562
45.070496,238.977
45.089951,238.977
45.110242,238.977
45.129665,238.977
45.149145,238.977
45.168517,238.977
45.188369,238.977
45.207532,238.977
45.226597,238.977
45.245510,238.977
45.264478,238.977
45.284273,240.391
45.303504,240.391
45.323478,240.391
45.343151,240.391
45.362890,240.391
45.381619,240.391
45.402191,240.391
45.421752,240.391
45.440974,240.391
45.460546,240.391
45.479855,241.805
45.498587,241.805
45.518272,241.805
45.537323,241.805
45.556211,241.805
45.575338,241.805
45.594461,241.805
45.613573,241.805
45.633018,241.805
45.652386,241.805
45.671542,241.805
45.691128,243.219
45.710351,243.219
45.729627,243.219
45.748876,243.219
45.768031,243.219
45.787414,243.219
45.806797,243.219
45.826935,243.219
45.846696,243.219
45.865917,243.219
45.885483,243.219
45.905011,244.633
45.924321,244.633
45.943487,244.633
45.962459,244.633
45.981919,244.633
46.001355,244.633
46.020828,244.633
46.040135,244.633
46.059886,244.633
46.079414,244.633
46.098922,244.633
46.118968,246.047
46.138783,246.047
46.158398,246.047
46.177640,246.047
46.197787,246.047
46.216756,246.047
46.235927,246.047
46.255096,246.047
46.274088,246.047
46.293848,246.047
46.313649,247.461
46.332879,247.461
46.352698,247.461
46.372351,247.461
46.392261,247.461
46.411982,247.461
46.430772,247.461
46.450115,247.461
46.470263,247.461
46.489802,247.461
46.509707,247.461
46.529878,248.875
46.549943,248.875
46.570232,248.875
46.589017,248.875
46.608421,248.875
46.628047,248.875
46.647036,248.875
46.666226,248.875
46.686455,248.875
46.706952,248.875
46.726573,248.875
46.745970,250.289
46.765611,250.289
46.784790,250.289
46.804006,250.289
46.823123,250.289
46.842631,250.289
46.862065,250.289
46.882566,250.289
46.902168,250.289
46.921368,250.289
46.940434,250.289
46.960686,251.703
46.980029,251.703
47.000367,251.703
47.020124,251.703
47.039749,251.703
47.059870,251.703
47.079226,251.703
47.098587,251.703
47.118318,251.703
47.138316,251.703
47.157793,251.703
47.177169,253.117
47.196762,253.117
47.216644,253.117
47.235888,253.117
47.255157,253.117
47.274667,253.117
47.294285,253.117
47.313791,253.117
47.333269,253.117
47.352789,253.117
47.372658,253.117
47.391765,254.531
47.411611,254.531
47.430948,254.531
47.450487,254.531
47.470633,254.531
47.490569,254.531
47.510147,254.531
47.529530,254.531
47.548847,254.531
47.568093,254.531
47.588192,254.531
47.607640,255.945
47.627612,255.945
47.646879,255.945
47.666388,255.945
47.686677,255.945
47.706613,255.945
47.725986,255.945
47.744896,255.945
47.764083,255.945
47.783575,255.945
47.802542,255.945
47.822082,257.359
47.842082,257.359
47.861328,257.359
47.881145,257.359
47.900682,257.359
47.920283,257.359
47.939263,257.359
47.958894,257.359
47.978782,257.359
47.997967,257.359
48.017280,257.359
48.037054,257.359
48.057177,258.773
48.076753,258.773
48.096947,258.773
48.116564,258.773
48.136661,258.773
48.155861,258.773
48.174976,258.773
48.194586,258.773
48.214113,258.773
48.233514,258.773
48.253411,258.773
48.272499,260.188
48.291756,260.188
48.310988,260.188
48.330168,260.188
48.349885,260.188
48.369768,260.188
48.389523,260.188
48.409218,260.188
48.429447,260.188
48.449387,260.188
48.469465,260.188
48.489065,261.602
48.509345,261.602
48.528975,261.602
48.548477,261.602
48.567773,261.602
48.586761,261.602
48.606563,261.602
48.625952,261.602
48.645449,261.602
48.665400,261.602
48.684635,261.602
48.704544,261.602
48.724048,263.016
48.743723,263.016
48.763291,263.016
48.782914,263.016
48.802880,263.016
48.822075,263.016
48.842052,263.016
48.861708,263.016
48.880818,263.016
48.899905,263.016
48.918834,263.016
48.938356,264.430
48.958304,264.430
48.977054,264.430
48.996400,264.430
49.015396,264.430
49.034658,264.430
49.053682,264.430
49.073528,264.430
49.093104,264.430
49.112449,264.430
49.132103,264.430
49.152205,264.430
49.171364,265.844
49.190671,265.844
49.210947,265.844
49.230691,265.844
49.250098,265.844
49.269307,265.844
49.288665,265.844
49.308062,265.844
49.327842,265.844
49.347237,265.844
49.366532,265.844
49.387160,265.844
49.406637,267.258
49.426142,267.258
49.445478,267.258
49.465303,267.258
49.485397,267.258
49.504251,267.258
49.523408,267.258
49.542443,267.258
49.562338,267.258
49.582221,267.258
49.601726,267.258
49.622283,268.672
49.641884,268.672
49.661395,268.672
49.680607,268.672
49.700094,268.672
49.719350,268.672
49.738970,268.672
49.758979,268.672
49.778415,268.672
49.798579,268.672
49.818093,268.672
49.837062,268.672
49.856789,270.086
49.875753,270.086
49.894882,270.086
49.914262,270.086
49.933574,270.086
49.954335,270.086
49.973749,270.086
49.993219,270.086
50.012451,270.086
50.031597,270.086
50.050435,270.086
50.069870,270.086
50.089920,271.500
50.109484,271.500
50.129242,271.500
50.148622,271.500
50.167493,271.500
50.186747,271.500
50.206541,271.500
50.225798,271.500
50.245577,271.500
50.264476,271.500
50.283764,271.500
50.303645,271.500
50.322783,272.914
50.342171,272.914
50.361859,272.914
50.381650,272.914
50.402173,272.914
50.421455,272.914
50.440986,272.914
50.460852,272.914
50.480362,272.914
50.499599,272.914
50.519103,272.914
50.538136,272.914
50.557413,274.328
50.576930,274.328
50.596340,274.328
50.615648,274.328
50.634814,274.328
50.654155,274.328
50.674339,274.328
50.693742,274.328
50.712837,274.328
50.731856,274.328
50.750602,274.328
50.769550,274.328
50.789790,275.742
50.809860,275.742
50.829310,275.742
50.848123,275.742
50.867502,275.742
50.886584,275.742
50.906491,275.742
50.925393,275.742
50.945146,275.742
50.964660,275.742
50.984866,275.742
51.003716,275.742
51.023476,277.156
51.042724,277.156
51.062377,277.156
51.082135,277.156
51.101530,277.156
51.120593,277.156
51.140397,277.156
51.160092,277.156
51.179740,277.156
51.199722,277.156
51.219228,277.156
51.238368,277.156
51.257925,278.570
51.277464,278.570
51.296776,278.570
51.317217,278.570
51.336421,278.570
51.355649,278.570
51.374830,278.570
51.394347,278.570
51.414400,278.570
51.434002,278.570
51.453571,278.570
51.473003,278.570
51.492935,278.570
51.512602,279.984
51.532576,279.984
51.552324,279.984
51.571700,279.984
51.590655,279.984
51.610479,279.984
51.630044,279.984
51.649984,279.984
51.669463,279.984
51.688747,279.984
51.708287,279.984
51.727872,279.984
51.746829,281.398
51.766055,281.398
51.785501,281.398
51.805228,281.398
51.824526,281.398
51.844010,281.398
51.863060,281.398
51.882161,281.398
51.902245,281.398
51.921776,281.398
51.940887,281.398
51.959983,281.398
51.978845,282.812
51.998601,282.812
52.017977,282.812
52.038005,282.812
52.057578,282.812
52.077253,282.812
52.096676,282.812
52.115920,282.812
52.135527,282.812
52.154797,282.812
52.174263,282.812
52.194218,282.812
52.214203,282.812
52.233871,284.227
52.253745,284.227
52.273732,284.227
52.293348,284.227
52.312844,284.227
52.332612,284.227
52.351916,284.227
52.371331,284.227
52.390361,284.227
52.409758,284.227
52.429632,284.227
52.448688,284.227
52.467812,285.641
52.486950,285.641
52.506391,285.641
52.526271,285.641
52.545885,285.641
52.565596,285.641
52.584806,285.641
52.604135,285.641
52.623466,285.641
52.642612,285.641
52.662069,285.641
52.681589,285.641
52.701823,285.641
52.722094,287.055
52.741324,287.055
52.760520,287.055
52.779913,287.055
52.799114,287.055
52.818150,287.055
52.837784,287.055
52.857435,287.055
52.877064,287.055
52.896575,287.055
52.915781,287.055
52.934555,287.055
52.954179,287.055
52.973380,288.469
52.992885,288.469
53.012125,288.469
53.031229,288.469
53.050562,288.469
53.070043,288.469
53.089548,288.469
53.109448,288.469
53.129000,288.469
53.148521,288.469
53.167871,288.469
53.187441,288.469
53.207076,289.883
53.226660,289.883
53.245663,289.883
53.265289,289.883
53.284717,289.883
53.304762,289.883
53.323576,289.883
53.342853,289.883
53.362297,289.883
53.381905,289.883
53.401557,289.883
53.421186,289.883
53.440328,289.883
53.459485,291.297
53.478970,291.297
53.498584,291.297
53.518205,291.297
53.537856,291.297
53.556948,291.297
53.576661,291.297
53.595913,291.297
53.615157,291.297
53.634313,291.297
53.653680,291.297
53.672665,291.297
53.692225,291.297
53.711880,292.711
53.731550,292.711
53.751306,292.711
53.770894,292.711
53.790089,292.711
53.809512,292.711
53.828565,292.711
53.847880,292.711
53.866897,292.711
53.887152,292.711
53.906238,292.711
53.925938,292.711
53.945695,292.711
53.964927,294.125
53.984206,294.125
54.004230,294.125
54.023573,294.125
54.043173,289.883
54.063244,279.984
54.082469,267.258
54.102198,257.359
54.121676,246.047
54.140534,233.320
54.159773,223.422
54.179352,210.695
54.199247,199.383
54.218552,189.484
54.237709,178.172
54.256647,166.859
54.276213,155.547
54.295495,147.062
54.314734,147.062
54.333946,147.062
54.354180,147.062
54.374074,147.062
54.394093,147.062
54.413507,147.062
54.433300,148.477
54.452447,148.477
54.471771,148.477
54.491020,148.477
54.510288,148.477
54.529605,148.477
54.548618,149.891
54.568171,149.891
54.587399,149.891
54.607379,149.891
54.626798,149.891
54.646082,149.891
54.665332,149.891
54.684362,151.305
54.703391,151.305
54.722664,151.305
54.741718,151.305
54.761469,151.305
54.780966,151.305
54.800181,151.305
54.819808,152.719
54.838824,152.719
54.857834,152.719
54.877104,152.719
54.896160,152.719
54.916141,152.719
54.935616,154.133
54.955016,154.133
54.974409,154.133
54.994308,154.133
55.013237,154.133
55.032532,154.133
55.052465,154.133
55.071314,155.547
55.090951,155.547
55.110321,155.547
55.129422,155.547
55.148448,155.547
55.167907,155.547
55.187022,155.547
55.206403,156.961
55.225810,156.961
55.245109,156.961
55.264409,156.961
55.283723,156.961
55.302788,156.961
55.321407,156.961
55.341150,158.375
55.360570,158.375
55.379428,158.375
55.399514,158.375
55.418472,158.375
55.437611,158.375
55.456589,158.375
55.476317,159.789
55.495880,159.789
55.515480,159.789
55.534715,159.789
55.554328,159.789
55.573780,159.789
55.593355,159.789
55.612892,161.203
55.632147,161.203
55.651176,161.203
55.670439,161.203
55.690417,161.203
55.710459,161.203
55.729925,161.203
55.750084,162.617
55.769794,162.617
55.789146,162.617
55.808387,162.617
55.827360,162.617
55.846863,162.617
55.866459,162.617
55.885894,164.031
55.904912,164.031
55.924372,164.031
55.943414,164.031
55.962520,164.031
55.981783,164.031
56.001212,164.031
56.020081,164.031
56.039197,165.445
56.058329,165.445
56.077437,165.445
56.096781,165.445
56.116223,165.445
56.135329,165.445
56.154768,165.445
56.173830,166.859
56.193325,166.859
56.212531,166.859
56.231589,166.859
56.251405,166.859
56.271388,166.859
56.290132,166.859
56.309997,168.273
56.329587,168.273
56.348620,168.273
56.367485,168.273
56.386699,168.273
56.406024,168.273
56.425685,168.273
56.445797,168.273
56.465533,169.688
56.485588,169.688
56.505152,169.688
56.524393,169.688
56.544154,169.688
56.563977,169.688
56.583563,169.688
56.602839,171.102
56.622001,171.102
56.641640,171.102
56.660675,171.102
56.679732,171.102
56.699089,171.102
56.717995,171.102
56.737335,171.102
56.756730,172.516
56.776719,172.516
56.795991,172.516
56.814965,172.516
56.834375,172.516
56.853812,172.516
56.873481,172.516
56.894379,172.516
56.913641,173.930
56.932588,173.930
56.952255,173.930
56.971286,173.930
56.991596,173.930
57.010992,173.930
57.030648,173.930
57.050353,175.344
57.070046,175.344
57.089441,175.344
57.109049,175.344
57.128489,175.344
57.148610,175.344
57.167945,175.344
57.187035,175.344
57.205819,176.758
57.226007,176.758
57.245582,176.758
57.264995,176.758
57.284143,176.758
57.303128,176.758
57.322455,176.758
57.342255,176.758
57.362045,178.172
57.381453,178.172
57.400609,178.172
57.419696,178.172
57.438928,178.172
57.457809,178.172
57.477480,178.172
57.496855,178.172
57.516365,179.586
57.536019,179.586
57.555338,179.586
57.575163,179.586
57.594760,179.586
57.614368,179.586
57.634463,179.586
57.653941,181.000
57.673650,181.000
57.693270,181.000
57.712350,181.000
57.732003,181.000
57.751195,181.000
57.770234,181.000
57.790152,181.000
57.809802,182.414
57.829428,182.414
57.848820,182.414
57.867942,182.414
57.887338,182.414
57.906813,182.414
57.925820,182.414
57.945253,182.414
57.964622,183.828
57.983766,183.828
58.003167,183.828
58.022627,183.828
58.041768,183.828
58.061106,183.828
58.080673,183.828
58.100975,183.828
58.121778,185.242
58.140957,185.242
58.159767,185.242
58.178982,185.242
58.199385,185.242
58.218678,185.242
58.239033,185.242
58.258400,185.242
58.277994,185.242
58.297498,186.656
58.317823,186.656
58.337157,186.656
58.356129,186.656
58.375340,186.656
58.394798,186.656
58.413860,186.656
58.434224,186.656
58.453950,188.070
58.473831,188.070
58.493033,188.070
58.512693,188.070
58.532478,188.070
58.551419,188.070
58.570980,188.070
58.590684,188.070
58.609830,189.484
58.629576,189.484
58.649099,189.484
58.669695,189.484
58.688976,189.484
58.708294,189.484
58.727610,189.484
58.747455,189.484
58.766454,190.898
58.785447,190.898
58.804675,190.898
58.824884,190.898
58.843994,190.898
58.863440,190.898
58.882674,190.898
58.901708,190.898
58.920782,190.898
58.940854,192.312
58.960589,192.312
58.980192,192.312
59.000244,192.312
59.019563,192.312
59.038711,192.312
59.058598,192.312
59.078164,192.312
59.098357,193.727
59.117571,193.727
59.136642,193.727
59.155785,193.727
59.174627,193.727
59.193843,193.727
59.213316,193.727
59.232403,193.727
59.252292,193.727
59.271488,195.141
59.292238,195.141
59.311296,195.141
59.330243,195.141
59.349523,195.141
59.368809,195.141
59.388558,195.141
59.407767,195.141
59.427749,196.555
59.447111,196.555
59.466651,196.555
59.486282,196.555
59.506191,196.555
59.526201,196.555
59.545547,196.555
59.565020,196.555
59.584427,196.555
59.604382,197.969
59.624652,197.969
59.644743,197.969
59.664344,197.969
59.683546,197.969
59.702643,197.969
59.721824,197.969
59.741821,197.969
59.761491,197.969
59.781030,199.383
59.800477,199.383
59.819792,199.383
59.838929,199.383
59.858268,199.383
59.877702,199.383
