time_s,qlen_pkts
0.000000,0
0.015915,0
0.030717,2
0.045846,0
0.060734,2
0.076324,8
0.090846,3
0.105527,9
0.120385,16
0.135536,18
0.150528,19
0.165009,22
0.180235,27
0.194977,30
0.209918,30
0.224224,30
0.238731,30
0.252951,30
0.267669,30
0.282541,30
0.297188,30
0.311443,30
0.325824,30
0.340254,29
0.354948,29
0.370090,30
0.384770,29
0.399716,29
0.415015,30
0.429929,29
0.444183,29
0.458743,29
0.473457,28
0.488022,28
0.502915,30
0.517041,29
0.531819,27
0.546875,27
0.561082,29
0.576034,28
0.590353,27
0.605198,28
0.619881,28
0.633904,26
0.648488,28
0.663102,28
0.677574,29
0.691778,29
0.706641,27
0.721528,27
0.736242,27
0.751422,26
0.765617,24
0.780290,22
0.794576,24
0.808735,22
0.822929,24
0.837448,25
0.852038,25
0.866505,24
0.880684,19
0.895715,19
0.910099,19
0.924323,20
0.938643,20
0.952731,20
0.967170,19
0.981423,19
0.995937,20
1.010232,20
1.025066,21
1.039454,21
1.054029,21
1.068485,21
1.083058,21
1.097435,20
1.112126,21
1.126228,23
1.140712,23
1.155567,23
1.169814,21
1.184064,22
1.198392,23
1.212922,22
1.227311,23
1.241778,23
1.256206,22
1.270490,22
1.284661,22
1.299247,23
1.313429,22
1.328140,23
1.342193,24
1.356461,24
1.370974,22
1.385205,23
1.399924,24
1.414184,23
1.428781,24
1.442922,24
1.457672,25
1.472297,25
1.487008,24
1.501444,24
1.515518,23
1.529475,25
1.544035,26
1.558131,25
1.572666,24
1.587149,25
1.601401,25
1.616004,24
1.630356,26
1.644680,26
1.659180,26
1.673762,26
1.688640,25
1.703328,26
1.718002,27
1.732450,27
1.746793,27
1.760976,26
1.775600,27
1.789993,26
1.804323,25
1.818585,28
1.832799,28
1.847406,28
1.861780,29
1.876303,29
1.890538,26
1.905374,26
1.919889,27
1.934479,27
1.948739,27
1.963897,27
1.978414,28
1.992643,27
2.007015,28
2.021335,28
2.036259,29
2.051461,29
2.065735,28
2.080093,30
2.094256,27
2.108919,27
2.123116,29
2.137579,29
2.151609,29
2.165945,28
2.180995,28
2.195251,28
2.209633,28
2.224219,29
2.238678,30
2.253112,29
2.267676,29
2.282169,30
2.296711,27
2.310986,28
2.325173,28
2.339352,28
2.354175,28
2.369077,28
2.383414,27
2.397811,20
2.412015,14
2.426373,11
2.440630,10
2.455380,12
2.470056,11
2.484454,11
2.498601,11
2.513424,11
2.527724,12
2.542151,14
2.556476,13
2.571516,12
2.586441,12
2.601108,13
2.615279,13
2.629447,15
2.643826,14
2.658291,14
2.672493,14
2.686868,13
2.701205,13
2.715402,13
2.730278,15
2.745208,15
2.759848,14
2.774302,14
2.788599,14
2.802808,15
2.816974,14
2.831515,16
2.846527,16
2.860753,16
2.875388,15
2.889831,15
2.904353,15
2.918903,15
2.933044,18
2.947362,18
2.961735,18
2.976099,16
2.990394,16
3.005098,17
3.019573,17
3.033813,17
3.048118,18
3.062490,18
3.077301,17
3.092240,18
3.106568,18
3.121501,18
3.136066,18
3.150503,18
3.164822,19
3.179933,19
3.194725,18
3.209535,18
3.223964,18
3.238179,19
3.252720,19
3.267042,20
3.281304,19
3.295634,19
3.310531,19
3.325947,20
3.340333,20
3.354721,21
3.369087,20
3.383514,20
3.397672,19
3.411943,21
3.427080,21
3.441213,21
3.455779,21
3.470952,21
3.486151,22
3.501009,22
3.515823,21
3.530817,22
3.545581,22
3.560037,22
3.574837,23
3.589521,21
3.604340,22
3.618758,21
3.633933,24
3.648670,23
3.662826,24
3.677396,23
3.692121,21
3.707280,22
3.721819,23
3.736025,23
3.750349,23
3.764474,23
3.778738,23
3.793082,23
3.807546,23
3.822473,23
3.837019,25
3.851522,25
3.865619,24
3.880077,24
3.894343,25
3.908721,24
3.923145,25
3.937760,26
3.952098,25
3.966494,24
3.981104,25
3.995699,25
4.010604,24
4.024855,24
4.039141,25
4.053539,26
4.068164,26
4.082864,26
4.097990,26
4.112141,25
4.126546,25
4.140827,27
4.155198,27
4.170323,27
4.184636,27
4.198985,25
4.213315,26
4.227430,27
4.241902,27
4.256879,28
4.271691,28
4.286346,27
4.301081,26
4.315564,26
4.330049,26
4.344699,27
4.359132,27
4.373620,28
4.387686,28
4.402248,27
4.417114,28
4.431469,27
4.446215,28
4.461457,29
4.476017,28
4.490491,28
4.505236,27
4.519801,28
4.534084,28
4.549584,29
4.563957,29
4.578275,29
4.593279,29
4.607464,28
4.621958,29
4.636271,28
4.650473,29
4.665197,30
4.679825,29
4.694400,29
4.708370,28
4.722934,28
4.737852,28
4.752509,29
4.767201,30
4.782116,30
4.796309,29
4.811250,28
4.825769,28
4.840581,29
4.855077,28
4.869525,22
4.884138,15
4.898939,11
4.913339,11
4.928029,11
4.942639,13
4.957752,14
4.972371,13
4.987342,12
5.002309,13
5.016683,13
5.031257,13
5.046780,14
5.061262,14
5.076131,13
5.090959,13
5.105787,13
5.120339,13
5.135002,13
5.149675,15
5.164375,15
5.179038,15
5.193480,15
5.207711,15
5.222879,14
5.237544,14
5.251753,16
5.266537,16
5.280838,15
5.295543,15
5.310239,15
5.324667,15
5.339073,15
5.354165,16
5.369147,18
5.383601,17
5.398260,17
5.412615,17
5.427349,17
5.441670,17
5.456049,18
5.470578,17
5.484778,18
5.499288,17
5.513655,17
5.527997,17
5.542374,17
5.557124,19
5.571450,18
5.585848,18
5.600360,18
5.615008,18
5.629542,18
5.644097,18
5.658805,20
5.674409,20
5.689385,18
5.704113,19
5.718701,19
5.733160,19
5.747439,21
5.761631,20
5.776306,21
5.790619,20
5.805041,20
5.820023,19
5.834692,20
5.849555,22
5.863688,21
5.877823,22
5.892800,22
5.907170,21
5.921601,21
5.935443,22
5.950081,24
5.964395,23
5.978672,22
5.993770,23
6.008301,22
6.022914,22
6.037395,22
6.051751,23
6.066184,23
6.080321,24
6.094614,23
6.108823,22
6.124071,22
6.139414,23
6.154709,24
6.168978,23
6.183690,25
6.198881,24
6.213990,23
6.228608,23
6.242889,22
6.258092,24
6.272512,24
6.287157,24
6.301808,24
6.316133,24
6.330675,24
6.344994,22
6.359552,24
6.374081,25
6.388381,25
6.402731,25
6.417153,25
6.431556,24
6.445743,24
6.460422,25
6.474916,25
6.489482,25
6.503947,25
6.518203,25
6.532582,25
6.546964,25
6.561757,27
6.576128,27
6.590232,26
6.604838,26
6.619127,26
6.634602,26
6.650093,27
6.664910,28
6.679296,27
6.693785,26
6.708245,27
6.722505,27
6.736805,26
6.751125,27
6.765673,28
6.779791,27
6.794252,27
6.808831,28
6.823901,27
6.838105,27
6.852494,26
6.866794,29
6.881704,29
6.896648,29
6.911192,29
6.925392,28
6.939785,27
6.954734,27
6.968841,29
6.983687,28
6.998403,29
7.013009,29
7.027449,29
7.041628,30
7.055845,29
7.070318,29
7.085326,28
7.099979,29
7.114210,29
7.128791,29
7.143331,29
7.157931,29
7.172814,28
7.187070,27
7.201659,27
7.216073,25
7.230340,18
7.244817,13
7.259057,12
7.273409,13
7.287851,12
7.302703,11
7.317312,12
7.331712,12
7.346206,12
7.361290,13
7.375874,13
7.390721,12
7.405028,12
7.420155,13
7.435742,14
7.450877,13
7.465460,14
7.480326,14
7.494474,13
7.508834,13
7.523370,13
7.538204,14
7.552466,14
7.566619,15
7.581450,15
7.596055,14
7.610947,14
7.625700,15
7.639887,14
7.654402,15
7.668758,16
7.683090,16
7.697996,17
7.712271,15
7.726871,15
7.741938,15
7.756344,16
7.770948,17
7.785414,17
7.800152,18
7.815199,17
7.829686,17
7.844401,16
7.858489,17
7.873286,19
7.887920,19
7.902111,19
7.916340,18
7.930674,17
7.945601,18
7.959891,18
7.974831,19
7.989564,20
8.004366,20
8.018644,19
8.033322,18
8.047612,19
8.062646,20
8.077173,20
8.091606,19
8.106162,21
8.120345,19
8.134856,20
8.149619,19
8.163797,20
8.178332,22
8.193084,21
8.207606,21
8.221877,19
8.236071,19
8.250436,20
8.265151,21
8.279579,21
8.294515,21
8.308811,21
8.322985,21
8.337240,21
8.352528,21
8.367902,22
8.382482,21
8.396624,22
8.411590,22
8.425784,21
8.441302,21
8.455726,22
8.470722,22
8.485009,23
8.499152,23
8.513572,23
8.527661,23
8.542554,23
8.557487,22
8.572565,23
8.586952,24
8.601262,23
8.615560,23
8.630184,22
8.644903,23
8.659290,23
8.673680,25
8.688751,25
8.703172,24
8.717304,24
8.732069,23
8.746533,23
8.760748,23
8.775593,24
8.789986,24
8.804724,25
8.819490,25
8.833727,25
8.848511,24
8.862849,25
8.877507,27
8.891734,27
8.905976,26
8.920153,26
8.934656,24
8.948988,24
8.963440,26
8.977652,27
8.992244,27
9.006831,27
9.021380,27
9.036026,25
9.050449,26
9.064816,26
9.079396,26
9.093463,26
9.107709,26
9.122709,28
9.137668,27
9.152548,26
9.167232,26
9.182161,27
9.196768,27
9.211117,27
9.226143,27
9.240457,27
9.254989,27
9.269653,27
9.284181,29
9.299020,29
9.313421,29
9.327938,29
9.342204,29
9.356656,27
9.371485,29
9.386487,29
9.400883,29
9.415869,29
9.430560,27
9.445022,28
9.459837,28
9.474336,29
9.488574,29
9.503187,29
9.517519,29
9.532290,29
9.546793,28
9.561514,28
9.576088,29
9.591036,29
9.605537,29
9.620087,29
9.634412,29
9.648502,28
9.662923,29
9.677716,29
9.692238,30
9.706633,28
9.721183,28
9.735319,28
9.749491,26
9.763971,26
9.778672,20
9.792836,18
9.807510,16
9.821976,17
9.836043,13
9.851090,11
9.865573,12
9.880020,13
9.894502,12
9.908909,12
9.923705,12
9.938464,12
9.953263,12
9.967836,12
9.982309,13
9.996840,14
10.011029,13
10.025479,14
10.039836,13
10.054561,13
10.069114,13
10.083609,14
10.097801,16
10.112148,15
10.126646,15
10.140895,14
10.155456,15
10.170418,15
10.185260,16
10.199761,16
10.213894,17
10.228612,16
10.243091,16
10.257711,16
10.271890,16
10.286814,16
10.300930,16
10.315345,17
10.330569,16
10.345061,17
10.359914,16
10.374664,16
10.389374,17
10.403723,18
10.418136,17
10.432892,17
10.447619,18
10.462126,17
10.476637,17
10.490909,18
10.506108,18
10.520443,18
10.535088,19
10.550588,19
10.565782,18
10.580312,19
10.595076,19
10.609240,20
10.623911,19
10.638667,18
10.653874,18
10.668603,19
10.683195,20
10.697568,20
10.712021,20
10.726635,21
10.740727,19
10.755558,19
10.770227,19
10.784741,21
10.799740,21
10.814182,21
10.828946,21
10.843453,20
10.858356,21
10.872783,21
10.888094,22
10.902864,21
10.917524,23
10.932016,22
10.946447,21
10.961398,21
10.975752,21
10.990322,23
11.005274,23
11.019542,24
11.034202,23
11.048612,22
11.063039,22
11.077847,23
11.092774,24
11.107455,24
11.121788,23
11.136725,24
11.151347,24
11.166486,23
11.181216,23
11.195745,24
11.209952,25
11.224427,24
11.239663,23
11.254358,25
11.268890,24
11.283507,25
11.298240,25
11.312742,25
11.326830,25
11.341771,24
11.356061,25
11.370832,24
11.385800,24
11.400139,25
11.414788,25
11.430115,25
11.445046,26
11.459727,25
11.474459,24
11.489287,25
11.503965,27
11.518274,26
11.532717,27
11.547377,25
11.561490,25
11.576116,25
11.590646,27
11.605277,27
11.619595,26
11.634011,27
11.648567,27
11.663059,26
11.678522,26
11.693147,29
11.707997,28
11.722686,27
11.736713,28
11.751130,29
11.765542,26
11.780097,26
11.794444,27
11.808679,27
11.822887,29
11.837432,28
11.851682,28
11.867123,27
11.881507,27
11.896563,29
11.910737,29
11.924954,28
11.939503,29
11.954009,30
11.968823,29
11.983562,29
11.998244,30
12.012754,29
12.027230,28
12.041987,28
12.057163,28
12.072646,28
12.087590,28
12.102738,28
12.117418,30
12.131806,28
12.146244,28
12.161725,27
12.176275,21
12.190778,15
12.205822,11
12.220457,11
12.235494,12
12.250496,11
12.265155,12
12.279742,12
12.294789,13
12.309085,12
12.323635,13
12.337933,13
12.352744,13
12.367432,12
12.382461,12
12.396958,14
12.412646,14
12.427287,13
12.441454,13
12.456519,13
12.471684,13
12.486455,13
12.501422,15
12.515603,15
12.530190,14
12.544987,14
12.559368,14
12.573973,14
12.588601,14
12.603131,15
12.617840,16
12.632617,15
12.647391,15
12.661698,15
12.676026,15
12.690671,16
12.705380,16
12.719600,17
12.734063,16
12.748467,16
12.763311,16
12.777916,16
12.792272,16
12.806783,17
12.820994,17
12.835431,19
12.850358,17
12.865140,17
12.879940,17
12.894486,17
12.908639,18
12.923534,18
12.937653,18
12.952490,18
12.967126,18
12.981779,18
12.996272,18
13.010930,19
13.025643,19
13.040264,19
13.054987,18
13.069530,20
13.083952,20
13.098536,21
13.113712,20
13.128266,21
13.142722,20
13.157457,19
13.172064,20
13.187186,20
13.202086,21
13.216739,21
13.231038,22
13.245819,21
13.260121,22
13.274670,21
13.289045,21
13.303390,21
13.317953,22
13.332360,23
13.346980,22
13.361421,21
13.376032,21
13.390484,21
13.404994,22
13.419594,22
13.433958,23
13.448650,22
13.463636,23
13.478430,22
13.493008,22
13.507763,24
13.522744,24
13.537331,23
13.552002,24
13.567055,22
13.582516,22
13.596768,22
13.611594,24
13.626252,24
13.640832,24
13.655602,25
13.670466,23
13.685294,24
13.699739,24
13.714008,25
13.728352,24
13.742676,25
13.757863,26
13.772663,24
13.786858,25
13.801879,25
13.816561,26
13.830921,25
13.845913,26
13.860329,26
13.875002,24
13.890479,25
13.904814,26
13.919606,26
13.934098,26
13.948996,26
13.963477,26
13.977981,25
13.992241,25
14.006481,26
14.021139,26
14.035901,27
14.050211,27
14.064843,27
14.079646,26
14.094396,26
14.108852,28
14.123404,28
14.137934,29
14.152775,29
14.167145,28
14.182237,27
14.196819,26
14.211447,28
14.225529,28
14.240295,28
14.255192,28
14.269511,29
14.284203,28
14.299304,28
14.313924,29
14.328214,28
14.342414,29
14.357061,29
14.371067,29
14.385555,28
14.399861,28
14.414505,29
14.429078,28
14.443924,28
14.458661,28
14.473462,29
14.487702,29
14.502046,30
14.516641,29
14.531108,28
14.545594,28
14.560101,29
14.574957,29
14.589500,28
14.604255,27
14.618503,28
14.633538,29
14.648188,29
14.662559,29
14.676749,23
14.691851,18
14.706394,12
14.720763,12
14.735238,12
14.749738,11
14.764783,12
14.778936,12
14.793574,12
14.807951,12
14.822378,13
14.836668,13
14.851179,12
14.866011,13
14.880549,13
14.894743,13
14.909214,13
14.923674,14
14.938272,14
14.952484,13
14.967124,15
14.981781,14
14.996405,14
15.010964,15
15.025304,16
15.039973,16
15.054384,14
15.068595,15
15.083131,16
15.097763,15
15.111918,16
15.127652,16
15.142263,17
15.156791,15
15.171504,15
15.185891,16
15.200104,17
15.215346,17
15.229792,17
15.244126,17
15.258677,16
15.272921,16
15.287483,18
15.301858,17
15.316673,17
15.331383,18
15.345574,19
15.359976,17
15.374447,18
15.388856,18
15.403140,19
15.417949,20
15.432882,19
15.447374,19
15.461812,18
15.476549,18
15.491180,18
15.505561,19
15.519865,20
15.534795,21
15.549312,20
15.563750,20
15.578748,20
15.593238,21
15.608003,21
15.622475,20
15.637302,20
15.651465,20
15.665700,20
15.679955,20
15.694170,21
15.709279,21
15.723741,21
15.738409,22
15.753719,22
15.767876,21
15.782439,21
15.796979,22
15.811142,21
15.825487,22
15.839995,22
15.854658,22
15.868853,24
15.883430,22
15.898607,22
15.912817,21
15.927261,24
15.942787,24
15.957442,24
15.971957,23
15.986557,22
16.001031,24
16.015676,24
16.029935,24
16.043831,24
16.058082,23
16.072660,22
16.087345,24
16.101800,24
16.116272,24
16.130975,24
16.145326,25
16.159916,25
16.174390,25
16.188823,25
16.203490,25
16.218039,25
16.232557,26
16.247075,25
16.261750,25
16.276296,26
16.290579,25
16.305150,25
16.320451,26
16.334715,26
16.350060,26
16.364511,27
16.378819,27
16.393454,25
16.408003,26
16.422317,26
16.437356,27
16.451804,27
16.466152,27
16.480296,26
16.494708,26
16.509376,26
16.524066,27
16.538519,28
16.553138,28
16.567735,28
16.582392,28
16.596694,27
16.611625,26
16.626468,27
16.641052,28
16.655509,29
16.670378,29
16.684702,28
16.699043,29
16.713439,28
16.727946,28
16.742775,28
16.758159,29
16.772714,28
16.787601,29
16.802203,28
16.816616,28
16.831476,29
16.846230,29
16.860561,29
16.874865,29
16.889294,29
16.904042,28
16.918357,28
16.932851,30
16.947574,29
16.962190,30
16.976902,29
16.991239,30
17.005769,29
17.020150,29
17.034353,29
17.048581,30
17.063315,29
17.077826,30
17.092356,30
17.106884,29
17.121364,29
17.136185,29
17.150706,30
17.165417,30
17.180090,30
17.194455,30
17.209088,29
17.223585,28
17.237841,29
17.252330,29
17.267742,29
17.282621,29
17.297079,22
17.311634,18
17.326184,13
17.341299,13
17.355968,12
17.370839,12
17.385143,12
17.399408,12
17.414401,13
17.429008,14
17.443261,14
17.458177,14
17.472418,13
17.486817,13
17.501297,14
17.515803,15
17.530245,15
17.544996,15
17.560062,15
17.574729,14
17.589223,15
17.603740,14
17.618154,14
17.632654,15
17.647280,17
17.661323,17
17.675944,16
17.690725,16
17.704795,16
17.719425,16
17.734335,17
17.749066,16
17.763367,18
17.778222,16
17.792568,17
17.807675,16
17.822621,16
17.837237,17
17.851865,17
17.866427,18
17.881096,17
17.895737,17
17.910568,17
17.925028,17
17.939557,18
17.954085,18
17.968530,18
17.983125,18
17.997709,18
18.012098,18
18.026797,17
18.041859,19
18.056081,20
18.071203,20
18.085343,19
18.099866,19
18.114365,20
18.129467,20
18.144315,20
18.158930,21
18.173483,20
18.187747,18
18.202942,20
18.218002,20
18.232514,21
18.247413,22
18.261888,21
18.276293,21
18.290470,21
18.305032,21
18.319297,20
18.333767,21
18.348630,21
18.363082,21
18.377886,22
18.392362,21
18.406675,21
18.420907,21
18.435780,22
18.450197,22
18.464971,22
18.479504,23
18.494345,21
18.509099,22
18.524307,23
18.538967,24
18.553201,24
18.567664,23
18.581793,24
18.595993,23
18.610927,22
18.625715,23
18.639976,24
18.655133,25
18.669860,25
18.684377,25
18.698581,24
18.713109,23
18.727778,24
18.742247,25
18.756900,25
18.771986,24
18.786756,24
18.801651,24
18.816326,24
18.831366,24
18.845760,25
18.860488,25
18.875580,26
18.889693,25
18.903834,24
18.918377,24
18.932601,24
18.947512,26
18.962054,26
18.977048,26
18.991317,26
19.006270,26
19.020480,25
19.034896,25
19.049416,27
19.063644,27
19.078103,27
19.092773,27
19.107047,27
19.121708,27
19.136449,26
19.150645,28
19.165412,28
19.179617,28
19.193991,28
19.208510,27
19.223095,27
19.238224,26
19.252867,28
19.267953,29
19.282248,29
19.296986,29
19.311163,28
19.325595,28
19.340026,29
19.354331,28
19.369094,29
19.383950,29
19.398430,29
19.413247,28
19.427648,28
19.442170,30
19.457109,29
19.471649,30
19.487174,29
19.502278,30
19.517282,29
19.531434,28
19.545851,30
19.560718,30
19.575349,29
19.590136,29
19.604997,29
19.619357,29
19.634579,28
19.648920,29
19.663557,29
19.678669,29
19.693418,29
19.708897,24
19.723251,19
19.737755,13
19.753294,12
19.767727,12
19.782012,11
19.796670,12
19.810837,12
19.825408,12
19.839556,12
19.853804,13
19.868319,13
19.882923,13
19.897604,12
19.912478,13
19.927544,14
19.942575,14
19.957292,16
19.971959,16
19.986490,14
20.000970,13
20.015133,14
20.029493,14
20.044051,15
20.059173,15
20.074036,15
20.088715,14
20.103371,15
20.117744,15
20.132329,15
20.147035,16
20.161895,16
20.176299,17
20.191442,16
20.206081,16
20.220573,17
20.234817,16
20.249327,17
20.263725,18
20.278308,17
20.293332,17
20.307925,16
20.322836,17
20.337107,17
20.351766,19
20.365875,18
20.380439,19
20.395071,17
20.409711,17
20.424186,18
20.439077,18
20.453954,19
20.468823,20
20.483221,19
20.497807,20
20.512223,20
20.526984,20
20.541279,19
20.556279,19
20.571302,20
20.585947,21
20.600716,20
20.615805,20
20.630514,20
20.644773,21
20.659038,22
20.673919,21
20.688426,21
20.703564,21
20.718039,20
20.732523,21
20.746901,20
20.761251,21
20.775678,21
20.790376,20
20.805058,21
20.819357,22
20.833955,22
20.848051,22
20.862543,23
20.877123,22
20.892254,23
20.906617,22
20.921378,21
20.935734,22
20.950106,22
20.964751,24
20.979193,23
20.993596,24
21.007912,22
21.022535,22
21.036896,23
21.051569,24
21.066246,24
21.080395,24
21.095282,25
21.109739,23
21.123966,23
21.138533,23
21.153016,24
21.167329,24
21.182245,25
21.196542,25
21.211341,23
21.225988,23
21.240383,23
21.255538,25
21.270290,25
21.284729,25
21.299201,26
21.314063,24
21.328392,24
21.343123,24
21.357630,25
21.372461,24
21.386980,25
21.401666,26
21.416143,25
21.430844,25
21.445082,25
21.459853,26
21.474196,26
21.488546,27
21.503043,27
21.517935,26
21.532428,27
21.546709,26
21.561407,28
21.576120,28
21.590998,28
21.605325,28
21.619880,28
21.634345,26
21.649023,27
21.663756,28
21.678001,28
21.692256,27
21.706848,28
21.722635,27
21.737935,27
21.752629,27
21.767445,28
21.782170,29
21.796772,29
21.811374,28
21.825879,28
21.840451,28
21.855276,28
21.870085,29
21.884774,29
21.898987,29
21.913491,29
21.928127,28
21.942609,29
21.957116,29
21.971552,29
21.986024,30
22.000711,30
22.015307,30
22.030235,29
22.044425,29
22.058736,29
22.073365,30
22.087948,29
22.102960,29
22.117321,29
22.131441,27
22.145861,27
22.160669,21
22.175449,15
22.190802,10
22.205088,11
22.219368,12
22.233819,11
22.248940,12
22.263647,13
22.277865,13
22.292527,11
22.306839,13
22.321554,13
22.335637,13
22.349869,14
22.364550,14
22.379516,15
22.394782,14
22.409618,13
22.424770,13
22.439846,14
22.454298,14
22.469296,16
22.483372,15
22.498058,16
22.512421,15
22.527148,15
22.542573,14
22.557310,15
22.572056,16
22.586779,16
22.601671,16
22.616337,16
22.631544,16
22.645963,15
22.660676,16
22.675238,18
22.689318,18
22.703514,17
22.717502,16
22.732288,17
22.747051,16
22.761546,16
22.776056,19
22.790679,18
22.805135,18
22.819857,18
22.834510,17
22.849282,18
22.863872,18
22.878483,18
22.892547,20
22.907024,19
22.921919,19
22.936264,18
22.950346,18
22.964902,18
22.979416,19
22.993948,20
23.008296,20
23.022664,19
23.037151,19
23.051951,20
23.066334,20
23.080763,22
23.095580,21
23.110700,20
23.125196,20
23.139702,20
23.154524,20
23.168745,22
23.183240,21
23.197864,22
23.212646,23
23.227711,22
23.242102,22
23.256273,22
23.270717,21
23.285650,23
23.300516,22
23.315294,22
23.329691,22
23.344007,21
23.358863,21
23.373660,24
23.388259,24
23.403012,24
23.417812,24
23.432189,22
23.446642,22
23.461593,22
23.476309,24
23.490891,24
23.505236,23
23.519506,24
23.533875,23
23.548584,24
23.563104,24
23.578302,25
23.592690,25
23.607191,25
23.621551,24
23.636129,24
23.650205,23
23.664367,23
23.678645,24
23.692700,25
23.707041,25
23.722342,25
23.736501,24
23.751002,24
23.766151,24
23.781212,26
23.795543,25
23.810432,26
23.825644,27
23.840248,25
23.855306,26
23.870806,26
23.885793,26
23.900447,26
23.914727,27
23.929422,28
23.943706,26
23.958195,26
23.972748,27
23.987231,26
24.001435,27
24.015960,27
24.030133,28
24.044448,26
24.058656,26
24.073278,28
24.087729,27
24.101931,27
24.116354,27
24.130651,27
24.145032,26
24.159092,28
24.173414,28
24.188256,28
24.202963,28
24.217661,29
24.232209,28
24.246939,27
24.261841,27
24.276412,28
24.290998,30
24.305484,29
24.319936,30
24.334347,29
24.348855,28
24.363509,28
24.378019,29
24.392657,29
24.408085,29
24.423073,29
24.437919,29
24.452623,28
24.467317,27
24.481603,27
24.496290,25
24.510977,19
24.525831,12
24.540699,11
24.555749,12
24.570774,11
24.585185,12
24.599917,13
24.615806,13
24.630364,12
24.645164,13
24.659850,12
24.674264,13
24.689458,13
24.704373,13
24.718773,13
24.733202,14
24.747853,13
24.762870,13
24.778036,14
24.792530,14
24.807852,14
24.822640,14
24.837730,15
24.852141,15
24.866484,15
24.881121,15
24.895727,15
24.910610,16
24.925073,14
24.939988,15
24.954479,16
24.968780,15
24.983539,16
24.997745,17
25.012063,16
25.026786,16
25.041191,16
25.055691,17
25.070227,17
25.084671,18
25.099331,18
25.113844,18
25.128172,17
25.142558,17
25.157405,17
25.172480,17
25.187112,18
25.201554,18
25.215891,19
25.230518,17
25.245107,17
25.259742,18
25.274401,18
25.288940,19
25.303396,20
25.317746,20
25.332202,19
25.346905,18
25.360963,19
25.375655,18
25.390355,20
25.405312,20
25.420250,20
25.435087,19
25.449586,19
25.464151,19
25.478258,19
25.493289,20
25.507390,22
25.521789,21
25.536575,20
25.550925,20
25.565975,21
25.581120,20
25.595973,22
25.610088,22
25.624666,21
25.639526,21
25.653861,21
25.667999,22
25.682591,21
25.697268,22
25.711554,22
25.726163,23
25.740918,22
25.755560,21
25.770088,21
25.784702,22
25.799205,23
25.814135,24
25.828783,24
25.843307,23
25.858074,23
25.872654,23
25.886795,24
25.901386,24
25.916187,24
25.930970,24
25.945655,23
25.960142,23
25.974655,24
25.988938,25
26.003394,25
26.017992,25
26.032312,25
26.046914,24
26.060972,23
26.075498,23
26.090274,26
26.104676,25
26.119254,25
26.133846,25
26.148428,25
26.162880,24
26.177303,24
26.191794,25
26.206316,25
26.220972,25
26.235465,27
26.250585,25
26.265390,25
26.279932,26
26.294700,26
26.309226,26
26.323742,27
26.338698,26
26.353116,25
26.367522,27
26.381793,26
26.396073,27
26.410985,29
26.425691,28
26.440006,27
26.454546,26
26.469282,27
26.483563,27
26.498089,28
26.512470,28
26.526992,27
26.541193,28
26.555758,28
26.571286,27
26.585742,27
26.600532,28
26.615240,28
26.629736,28
26.644681,29
26.658679,27
26.673289,27
26.688540,29
26.702785,29
26.717460,29
26.731727,29
26.746062,28
26.760404,28
26.775015,27
26.789359,28
26.804211,29
26.818759,30
26.833670,29
26.848190,29
26.862633,27
26.878075,27
26.892901,27
26.907052,20
26.921678,16
26.936048,10
26.950403,10
26.964583,11
26.979103,11
26.993524,12
27.008003,12
27.022618,11
27.036998,12
27.052099,12
27.067029,12
27.081452,12
27.095932,13
27.110864,14
27.125172,12
27.139467,13
27.154236,14
27.168623,13
27.183667,14
27.198555,14
27.212716,14
27.227181,16
27.241255,15
27.255880,14
27.269923,14
27.284295,14
27.298891,15
27.313133,16
27.327566,16
27.342310,16
27.357012,15
27.371568,15
27.385904,15
27.400264,17
27.415008,16
27.429459,15
27.443804,16
27.458591,17
27.473365,17
27.487818,16
27.502127,18
27.516662,18
27.530950,17
27.545612,17
27.560313,18
27.574678,17
27.589131,17
27.603778,18
27.618564,19
27.633344,18
27.647961,18
27.662432,17
27.676681,18
27.691074,18
27.705813,20
27.720440,19
27.735688,19
27.750574,18
27.765054,18
27.779570,18
27.793475,19
27.808086,20
27.822827,20
27.837532,20
27.852141,20
27.866531,19
27.881533,20
27.895651,19
27.910271,22
27.924995,21
27.939238,21
27.954115,21
27.968670,21
27.983374,20
27.997978,21
28.013292,22
28.027607,22
28.042074,22
28.056581,22
28.071239,22
28.085978,22
28.100371,22
28.115574,22
28.129971,22
28.144266,23
28.158803,22
28.174418,21
28.189028,22
28.203202,23
28.217481,23
28.231910,23
28.245918,24
28.260543,23
28.274989,22
28.289924,23
28.304080,24
28.318635,24
28.333286,24
28.347795,24
28.362412,23
28.376494,24
28.391704,24
28.406508,25
28.421157,25
28.435968,26
28.450572,25
28.465035,24
28.479471,25
28.494032,24
28.508381,26
28.522531,25
28.536901,26
28.551498,26
28.566023,25
28.580497,25
28.595767,24
28.610416,26
28.624958,25
28.639226,26
28.653777,26
28.668192,25
28.682589,26
28.697544,25
28.712174,26
28.726780,26
28.741483,26
28.756500,26
28.770704,26
28.785189,26
28.799393,26
28.813793,28
28.828389,28
28.842730,27
28.857274,27
28.871562,27
28.886254,27
28.900613,27
28.915039,28
28.929499,28
28.944102,27
28.958204,29
28.972556,27
28.986835,27
29.001253,27
29.015757,28
29.030177,29
29.044581,28
29.058955,28
29.073746,27
29.088767,28
29.103649,28
29.118752,30
29.133236,30
29.147526,29
29.162093,29
29.176200,28
29.190663,28
29.205164,29
29.219412,29
29.234520,28
29.249157,29
29.263817,29
29.278320,28
29.292554,27
29.307385,21
29.321622,16
29.336353,10
29.351096,12
29.365449,12
29.380633,12
29.394886,11
29.409531,12
29.423409,12
29.437525,12
29.451880,12
29.466915,12
29.482082,12
29.497046,13
29.512299,13
29.526699,13
29.540952,14
29.555480,13
29.570250,13
29.585032,13
29.599338,14
29.613688,14
29.628756,15
29.643877,14
29.657989,14
29.672953,14
29.687939,15
29.702920,15
29.717520,16
29.732641,16
29.747271,15
29.761706,15
29.776114,15
29.790597,16
29.805090,15
29.820104,16
29.834313,17
29.848733,16
29.863055,16
29.877713,17
29.891942,17
29.906366,16
29.920914,18
29.935397,18
29.949889,18
29.964722,18
29.979153,17
29.994085,18
30.008538,18
30.023527,19
30.037804,19
30.052363,18
30.066968,18
30.082253,18
30.096693,18
30.111349,18
30.125432,20
30.139932,19
30.154522,20
30.168972,18
30.183262,19
30.197639,20
30.212128,19
30.226497,21
30.241020,21
30.255550,21
30.270115,20
30.284838,19
30.299585,21
30.314206,21
30.328905,21
30.343205,22
30.357878,22
30.372201,20
30.386572,21
30.400806,21
30.415231,22
30.430456,22
30.445218,22
30.459692,22
30.474488,21
30.489315,21
30.503553,22
30.518101,22
30.532493,23
30.546918,22
30.561677,22
30.576827,21
30.591151,22
30.605781,23
30.620206,23
30.635114,23
30.649247,23
30.663928,24
30.678403,22
30.693032,22
30.707810,22
30.722651,23
30.737020,24
30.751407,24
30.766104,24
30.780625,23
30.795175,24
30.810118,24
30.824625,26
30.839126,26
30.853802,24
30.867991,24
30.882354,25
30.896562,24
30.911137,24
30.925684,25
30.940083,26
30.954230,26
30.968680,26
30.983190,25
30.998308,24
31.012997,24
31.027228,26
31.042092,26
31.056564,25
31.071717,26
31.086408,25
31.100766,25
31.115549,25
31.130236,27
31.144753,26
31.159393,27
31.174213,27
31.188415,27
31.202599,26
31.216967,27
31.231671,28
31.246108,28
31.260616,28
31.275805,28
31.290377,27
31.305528,27
31.320235,27
31.334776,28
31.349332,28
31.363674,29
31.378207,29
31.392743,27
31.407648,27
31.422459,28
31.437710,28
31.452510,28
31.467657,29
31.482418,30
31.497230,29
31.511765,28
31.526929,29
31.541907,29
31.556047,29
31.570371,28
31.584706,28
31.599290,28
31.613248,28
31.627737,29
31.642767,29
31.657180,28
31.671783,28
31.686336,27
31.701060,23
31.715347,18
31.730035,14
31.744614,12
31.759155,12
31.774228,11
31.789018,12
31.803461,12
31.818342,12
31.832717,13
31.847999,13
31.862765,12
31.877486,12
31.891611,12
31.905990,13
31.920258,14
31.934624,13
31.949088,14
31.963326,14
31.977934,13
31.992438,13
32.006786,13
32.021339,13
32.036165,15
32.050691,15
32.064932,14
32.079734,14
32.094297,14
32.108580,14
32.123791,14
32.138763,16
32.153344,16
32.167497,15
32.182523,15
32.196676,15
32.211180,15
32.225547,15
32.239679,16
32.253722,16
32.268772,16
32.283530,16
32.298190,16
32.313431,16
32.327905,17
32.342269,18
32.356747,18
32.371214,17
32.385843,18
32.400504,17
32.414749,18
32.428916,18
32.443405,18
32.458375,18
32.473279,18
32.487543,18
32.501922,18
32.516219,18
32.530820,19
32.545679,19
32.560633,20
32.575539,18
32.590551,19
32.605103,20
32.619384,19
32.633822,21
32.649300,21
32.663766,22
32.678104,20
32.692788,20
32.707608,19
32.722081,20
32.736504,21
32.750846,21
32.765432,22
32.780281,20
32.795155,20
32.809751,21
32.823988,21
32.838433,23
32.852758,22
32.867457,23
32.882001,22
32.896921,21
32.911140,22
32.926346,22
32.941075,23
32.955315,23
32.969702,23
32.984232,23
32.999438,23
33.013744,23
33.028109,23
33.042853,24
33.057538,24
33.072168,23
33.086392,25
33.101030,23
33.115624,23
33.130573,23
33.145589,24
33.159975,25
33.174753,24
33.189553,25
33.204062,23
33.218436,24
33.232910,24
33.247438,26
33.262364,25
33.277236,26
33.291637,27
33.306278,25
33.320752,24
33.335081,26
33.349906,26
33.364655,25
33.379078,26
33.393434,25
33.408200,25
33.422754,24
33.437733,27
33.452534,27
33.467207,27
33.481530,27
33.496063,26
33.510626,26
33.524989,25
33.540081,26
33.555026,26
33.569927,26
33.584537,26
33.598966,26
33.613921,26
33.628085,26
33.642985,27
33.657497,27
33.671856,27
33.686350,27
33.700746,27
33.715463,27
33.729961,27
33.744676,28
33.759102,28
33.773507,29
33.788079,28
33.802639,29
33.816879,28
33.831095,29
33.845537,29
33.860389,29
33.874883,29
33.889223,30
33.903523,29
33.917765,28
33.932541,28
33.947036,29
33.961566,29
33.975987,30
33.990575,29
34.006040,30
34.020786,29
34.035694,28
34.050280,29
34.065620,29
34.080383,29
34.094771,29
34.109158,28
34.123176,27
34.137792,29
34.152150,29
34.166941,29
34.181496,29
34.196466,29
34.210847,27
34.225146,27
34.240207,29
34.254596,26
34.269285,20
34.284124,12
34.299067,11
34.314033,11
34.329045,12
34.343192,13
34.357339,13
34.371950,13
34.386721,13
34.401521,12
34.415844,13
34.430458,13
34.444947,15
34.459490,14
34.474117,13
34.488339,14
34.502878,13
34.516919,13
34.531175,13
34.546060,16
34.560742,15
34.574994,14
34.589246,14
34.603448,14
34.617961,14
34.632289,14
34.646945,17
34.661309,16
34.676182,16
34.690714,15
34.705793,15
34.720452,15
34.735455,15
34.749900,17
34.764983,18
34.779655,17
34.793849,16
34.808207,16
34.822636,16
34.836915,16
34.851169,17
34.865454,17
34.879999,18
34.894444,18
34.908797,16
34.923391,17
34.938121,17
34.953071,18
34.967945,18
34.982673,20
34.997202,18
35.012362,19
35.026779,19
35.041696,18
35.056125,20
35.070360,20
35.085161,20
35.099714,19
35.114624,19
35.129333,19
35.143813,19
35.158425,21
35.172998,21
35.188132,22
35.202364,20
35.217539,20
35.232482,21
35.246801,22
35.262082,21
35.276725,22
35.291388,21
35.305682,21
35.319786,21
35.334406,21
35.349652,23
35.364040,22
35.378574,23
35.393540,22
35.408024,21
35.422802,22
35.437763,21
35.453390,24
35.467533,24
35.482867,22
35.497653,22
35.512003,22
35.526325,22
35.540848,22
35.555061,23
35.570279,23
35.584613,24
35.599685,24
35.614026,23
35.628664,23
35.643245,23
35.657970,24
35.672979,24
35.687411,25
35.702639,24
35.717414,23
35.732376,24
35.746829,25
35.761461,26
35.776517,26
35.790719,25
35.805093,25
35.819862,24
35.834281,24
35.848465,24
35.863581,25
35.878670,26
35.893084,26
35.907452,25
35.922125,25
35.936669,25
35.951307,26
35.965899,26
35.980058,26
35.994646,26
36.009193,26
36.023761,25
36.037783,25
36.052106,26
36.066475,26
36.081313,26
36.095783,26
36.110177,27
36.125180,26
36.139486,26
36.153778,28
36.168576,27
36.182955,27
36.197212,27
36.211973,27
36.226739,26
36.241928,27
36.257125,28
36.272415,28
36.287224,29
36.301643,29
36.315689,28
36.329990,27
36.344247,29
36.358185,29
36.373078,29
36.387548,29
36.402208,29
36.416828,29
36.431078,29
36.445791,29
36.460367,29
36.474717,29
36.489709,29
36.504346,29
36.518983,29
36.533511,28
36.547695,29
36.562068,30
36.576397,29
36.591026,29
36.605200,30
36.619556,30
36.634263,29
36.648580,28
36.663367,30
36.678086,29
36.692753,29
36.707692,29
36.722333,28
36.736646,27
36.751407,28
36.765932,27
36.780506,21
36.794798,14
36.809670,10
36.823705,11
36.838294,12
36.853221,11
36.867863,13
36.882749,13
36.896997,12
36.912019,12
36.926517,12
36.940767,12
36.955653,12
36.970174,14
36.984923,14
36.999436,14
37.014159,14
37.028646,13
37.043125,13
37.057758,14
37.072368,15
37.086878,15
37.101984,15
37.116319,15
37.131732,14
37.146260,14
37.161144,16
37.175758,16
37.190054,16
37.204283,15
37.218492,16
37.233040,16
37.247235,16
37.261430,17
37.275789,17
37.290125,17
37.304332,16
37.318703,16
37.333264,16
37.347733,16
37.362086,17
37.376736,17
37.391643,19
37.406166,17
37.420537,17
37.434795,17
37.449626,17
37.463930,19
37.477969,19
37.492577,19
37.507217,19
37.521713,18
37.536885,18
37.551135,18
37.565874,19
37.580320,20
37.594688,19
37.609417,18
37.624098,19
37.639064,19
37.653675,19
37.668576,20
37.683627,21
37.698658,21
37.713637,20
37.728136,19
37.742596,19
37.756917,21
37.772027,21
37.786766,21
37.801245,21
37.815490,20
37.829887,22
37.844354,22
37.858941,22
37.873362,22
37.888022,21
37.902411,23
37.917465,21
37.931827,22
37.946579,22
37.961280,21
37.975729,22
37.990404,23
38.005414,24
38.019897,23
38.034254,22
38.048420,22
38.062847,22
38.077383,24
38.091898,24
38.106364,24
38.120660,22
38.134980,22
38.149855,22
38.164546,24
38.179602,25
38.193721,24
38.208206,24
38.223007,24
38.237204,23
38.252558,24
38.266908,23
38.281718,25
38.296035,25
38.311058,26
38.325415,25
38.339498,25
38.353901,24
38.368227,25
38.382933,25
38.397506,26
38.412313,26
38.427185,27
38.441881,26
38.456272,26
38.470957,28
38.485430,27
38.500078,26
38.514871,26
38.529378,27
38.544229,25
38.558977,26
38.573257,27
38.587790,27
38.602285,26
38.616769,28
38.631698,27
38.645849,26
38.660107,26
38.674268,27
38.688668,27
38.703688,27
38.718315,27
38.733305,28
38.747933,26
38.763287,26
38.777780,29
38.792346,29
38.806640,28
38.821065,28
38.835683,29
38.850409,28
38.865176,28
38.879680,28
38.894753,28
38.909133,30
38.923811,29
38.938667,29
38.953083,29
38.967443,30
38.981392,30
38.996041,29
39.010326,29
39.024561,29
39.039274,28
39.053850,28
39.068370,28
39.082639,29
39.097398,29
39.111527,29
39.126285,29
39.141036,29
39.155644,28
39.170221,26
39.184349,20
39.198583,14
39.213120,10
39.227505,12
39.241699,11
39.255740,10
39.270666,11
39.285240,12
39.299907,12
39.314562,12
39.329410,12
39.343755,12
39.358139,12
39.372865,13
39.387130,14
39.401849,14
39.416392,13
39.430809,14
39.445521,14
39.459931,14
39.474222,13
39.488459,14
39.502715,14
39.517267,14
39.531968,14
39.546716,14
39.560949,14
39.575554,14
39.589764,15
39.604202,17
39.618847,16
39.633559,15
39.648025,15
39.663114,15
39.677777,15
39.692560,17
39.707091,17
39.722099,17
39.736550,16
39.750734,17
39.765460,17
39.779887,18
39.794311,17
39.809085,17
39.824249,16
39.838616,17
39.853442,17
39.868065,17
39.883025,18
39.897852,18
39.912008,19
39.926471,17
39.941420,17
39.955845,18
39.970733,18
39.985540,19
39.999724,19
40.014299,19
40.028954,19
40.043798,20
40.058496,19
40.072937,19
40.087771,20
40.101872,20
40.116408,20
40.130541,20
40.145357,19
40.160248,19
40.175018,19
40.189896,20
40.204185,21
40.218941,22
40.233964,21
40.248808,20
40.263197,21
40.277365,20
40.291705,21
40.306564,22
40.321473,22
40.335883,21
40.350358,21
40.365736,22
40.380177,21
40.394801,22
40.409135,23
40.423778,23
40.438329,21
40.452601,23
40.467192,23
40.481706,23
40.496808,24
40.511361,23
40.525577,23
40.540241,23
40.554593,23
40.569463,23
40.583535,22
40.597800,24
40.612609,25
40.627044,24
40.641685,24
40.656436,24
40.670965,24
40.685495,24
40.700222,25
40.714702,25
40.729255,25
40.743826,23
40.758722,24
40.773381,24
40.788296,25
40.802786,25
40.817818,26
40.832343,25
40.846874,25
40.861172,24
40.876259,25
40.890647,26
40.905137,26
40.919324,26
40.934205,26
40.948722,27
40.963021,25
40.977554,27
40.992410,27
41.006495,27
41.021005,27
41.036108,27
41.050902,26
41.066107,26
41.080751,26
41.095470,28
41.111034,28
41.125344,28
41.139804,27
41.154350,28
41.168996,27
41.183427,26
41.197971,28
41.212521,28
41.227112,29
41.241386,29
41.256149,28
41.270934,28
41.285370,28
41.299830,28
41.314569,28
41.328732,29
41.343641,28
41.358324,29
41.372668,29
41.387304,28
41.402718,29
41.417109,29
41.432023,29
41.446557,29
41.460880,27
41.475798,28
41.489831,28
41.504369,29
41.519259,29
41.533751,28
41.548166,29
41.563207,28
41.577493,22
41.591998,17
41.606422,12
41.620733,10
41.635297,11
41.649726,12
41.664273,11
41.678857,11
41.693606,12
41.708150,12
41.722469,12
41.737261,13
41.751443,13
41.765490,13
41.780069,13
41.794412,13
41.808689,15
41.823385,14
41.837987,14
41.852454,13
41.866940,14
41.882090,14
41.896413,15
41.910931,16
41.925338,16
41.939689,15
41.954816,14
41.969788,14
41.984528,14
41.999297,15
42.013471,17
42.028532,16
42.043134,15
42.057881,16
42.072857,16
42.087948,16
42.102843,16
42.117792,18
42.132799,17
42.148030,17
42.163222,16
42.177743,16
42.192925,16
42.208131,17
42.222694,17
42.237064,17
42.251747,17
42.266389,17
42.281056,17
42.295668,17
42.311358,19
42.326313,18
42.341383,17
42.355612,18
42.370330,18
42.385385,18
42.400056,19
42.414607,19
42.429659,19
42.444729,18
42.459400,18
42.473775,19
42.488546,19
42.503909,20
42.518623,20
42.533215,20
42.548095,20
42.562482,19
42.577637,21
42.591942,20
42.606167,21
42.620414,22
42.635240,23
42.649810,20
42.664155,21
42.678442,21
42.693186,21
42.707523,21
42.721782,21
42.736594,22
42.750847,21
42.765805,21
42.780271,21
42.794851,21
42.809596,22
42.824453,23
42.839115,23
42.853795,23
42.868270,22
42.882667,22
42.897504,23
42.912555,23
42.927672,24
42.942056,23
42.956442,22
42.971908,22
42.986594,22
43.000956,24
43.015568,24
43.030367,24
43.044745,24
43.059629,24
43.074229,24
43.088842,24
43.102989,24
43.117254,25
43.132140,25
43.146922,24
43.161141,25
43.175722,24
43.189939,24
43.204382,24
43.218812,25
43.233343,25
43.247865,25
43.262675,25
43.276723,24
43.291818,24
43.306227,26
43.320848,26
43.335035,26
43.349256,26
43.363560,27
43.378348,25
43.392856,25
43.407352,27
43.421743,27
43.436389,26
43.450899,26
43.465683,27
43.480437,26
43.495260,27
43.509869,28
43.524553,27
43.539195,29
43.553370,28
43.567638,28
43.582150,26
43.597085,26
43.611776,27
43.626569,28
43.641447,29
43.655992,29
43.670760,29
43.685358,28
43.700269,28
43.714661,28
43.728840,29
43.743559,28
43.758436,30
43.772785,30
43.787158,29
43.801806,29
43.816189,30
43.830990,29
43.845493,28
43.859705,29
43.873926,29
43.888396,28
43.902505,27
43.917224,28
43.931856,29
43.946495,28
43.961318,27
43.976144,23
43.991128,17
44.005679,10
44.019828,12
44.034545,12
44.048748,11
44.063290,12
44.078370,11
44.092785,11
44.107368,11
44.121691,13
44.136964,13
44.151445,12
44.166339,13
44.180678,14
44.195128,13
44.209325,13
44.223676,15
44.237620,14
44.252433,13
44.267082,14
44.281394,13
44.295642,13
44.310549,15
44.324899,16
44.339558,15
44.353891,14
44.368444,15
44.383407,15
44.397783,15
44.412720,17
44.426958,16
44.441580,17
44.456449,16
44.470762,15
44.485145,15
44.499700,16
44.514423,18
44.529158,17
44.544018,17
44.558685,17
44.572866,17
44.587583,17
44.602356,16
44.616755,19
44.631409,19
44.646297,18
44.661492,17
44.675915,17
44.690211,17
44.704699,17
44.719132,18
44.734353,18
44.748491,19
44.763085,19
44.777422,18
44.792367,18
44.806737,18
44.821713,19
44.836260,19
44.850820,19
44.865810,20
44.880375,20
44.895035,19
44.910288,19
44.925045,21
44.939433,21
44.954038,21
44.968587,20
44.982922,20
44.997236,21
45.011552,20
45.026854,21
45.041581,21
45.056015,21
45.070724,20
45.084928,21
45.099505,21
45.113738,22
45.128159,23
45.142705,23
45.158527,22
45.172699,22
45.187069,22
45.201340,22
45.215799,23
45.230711,24
45.245345,23
45.260510,22
45.275574,22
45.290797,22
45.305304,22
45.319633,23
45.334210,23
45.348668,24
45.362934,24
45.378087,23
45.392696,23
45.407065,23
45.421752,25
45.436338,25
45.450793,24
45.465989,24
45.480195,23
45.494754,23
45.509191,24
45.523467,25
45.538067,25
45.552578,26
45.567455,26
45.581642,25
45.595855,24
45.610370,24
45.625070,26
45.639711,27
45.654343,26
45.669131,26
45.683964,25
45.699099,25
45.713328,25
45.728486,26
45.743404,26
45.758679,27
45.774513,27
45.789257,26
45.804162,25
45.818615,26
45.832711,26
45.847652,26
45.862080,27
45.876685,27
45.891021,27
45.905382,27
45.919808,26
45.934141,28
45.948732,27
45.964363,27
45.979115,27
45.993785,27
46.008225,28
46.022750,28
46.037367,28
46.051644,29
46.066759,29
46.080979,29
46.095648,27
46.111179,28
46.125350,29
46.140492,30
46.154835,30
46.169238,29
46.183676,28
46.198333,28
46.213408,28
46.227860,29
46.242449,29
46.256959,29
46.271333,29
46.285628,29
46.300310,28
46.314669,28
46.329259,29
46.343562,29
46.358414,29
46.373004,29
46.387229,29
46.401674,28
46.416018,28
46.430679,29
46.445061,29
46.459540,28
46.474616,29
46.489457,29
46.504200,27
46.518743,28
46.533244,22
46.548254,16
46.562728,11
46.577230,12
46.591673,12
46.605887,12
46.620281,12
46.634979,13
46.649553,13
46.664071,12
46.678640,12
46.693104,12
46.707449,12
46.722227,14
46.736820,14
46.751518,14
46.765669,13
46.780469,13
46.795545,13
46.809590,13
46.823760,14
46.838243,15
46.853074,15
46.867577,14
46.882656,14
46.897119,14
46.911435,14
46.925831,15
46.940297,16
46.955397,16
46.970244,15
46.984337,15
46.998579,16
47.013428,15
47.027990,16
47.042649,17
47.057279,18
47.071851,16
47.086279,16
47.101142,16
47.115318,16
47.129470,16
47.143664,18
47.158476,18
47.173184,17
47.187779,18
47.202491,17
47.217052,17
47.232401,19
47.246707,19
47.260948,20
47.276062,18
47.290561,19
47.304584,19
47.319427,19
47.334043,20
47.349341,19
47.364026,19
47.378683,19
47.392840,19
47.407398,20
47.422936,19
47.437052,21
47.451804,22
47.466003,22
47.480531,20
47.494882,19
47.508919,21
47.523142,21
47.537937,21
47.552882,21
47.567266,21
47.581533,22
47.596414,21
47.611077,21
47.625537,21
47.640816,22
47.655374,22
47.670509,23
47.684937,23
47.699533,22
47.713817,22
47.728196,23
47.743211,24
47.757686,23
47.773387,22
47.787654,24
47.802026,22
47.816474,22
47.830672,22
47.845442,23
47.860495,24
47.874949,24
47.889504,23
47.903714,23
47.917807,23
47.932374,23
47.946682,24
47.960998,24
47.975230,24
47.991127,25
48.005960,24
48.020069,24
48.034520,24
48.048834,26
48.063597,25
48.078257,26
48.092577,25
48.107085,25
48.121399,25
48.135911,24
48.149929,26
48.164836,26
48.179058,26
48.193947,26
48.208463,25
48.223597,25
48.237745,27
48.252252,27
48.267222,26
48.282564,26
48.297353,26
48.311535,25
48.325701,25
48.340092,26
48.354815,26
48.369718,26
48.384336,27
48.398544,27
48.413170,26
48.427488,26
48.442830,27
48.457096,27
48.471953,27
48.486471,27
48.501038,27
48.515222,27
48.530269,28
48.544637,29
48.559273,30
48.574118,29
48.589461,29
48.603863,29
48.619026,28
48.634493,28
48.649032,29
48.663330,29
48.678535,29
48.692652,28
48.706941,30
48.721552,28
48.736155,28
48.750584,29
48.765195,30
48.779634,30
48.794371,29
48.808861,28
48.823691,28
48.838109,29
48.852628,29
48.866992,29
48.881657,29
48.896185,29
48.910610,30
48.926290,28
48.940839,28
48.955417,29
48.969539,29
48.984428,29
48.998673,28
49.013307,27
49.027746,28
49.041945,24
49.056690,19
49.071628,12
49.086286,12
49.101618,12
49.116118,12
49.130519,11
49.145461,14
49.159773,14
49.174147,13
49.188743,13
49.202906,12
49.217771,13
49.232630,13
49.247199,15
49.262043,15
49.276823,15
49.290972,12
49.306003,13
49.320437,13
49.334896,14
49.349486,15
49.364584,15
49.379084,15
49.393727,15
49.408321,14
49.422703,14
49.437278,15
49.451832,16
49.466554,16
49.480699,17
49.495124,16
49.509413,15
49.523636,15
49.538789,16
49.553195,17
49.568037,18
49.582304,17
49.596779,16
49.611320,16
49.626092,15
49.640700,16
49.654897,18
49.669458,18
49.684534,18
49.698823,17
49.713316,17
49.727668,18
49.742346,17
49.757193,18
49.771649,19
49.786092,19
49.800281,18
49.814839,18
49.829445,18
49.844057,18
49.858970,19
49.873250,19
49.888214,20
49.902959,19
49.917434,19
49.931772,19
49.946825,20
49.961197,22
49.975861,22
49.990464,21
50.005367,20
50.019939,20
50.034680,20
50.049050,21
50.063476,21
50.078095,22
50.092466,21
50.107200,22
50.122533,21
50.136819,21
50.151471,23
50.165897,22
50.180379,22
50.194733,22
50.209536,22
50.224403,22
50.238704,23
50.253368,24
50.267732,23
50.282656,22
50.297199,23
50.312116,23
50.326983,23
50.341171,22
50.355460,24
50.370043,24
50.384506,24
50.398709,24
50.413864,24
50.428508,22
50.442700,23
50.457015,24
50.471618,25
50.486294,25
50.500652,24
50.514858,24
50.530014,24
50.544432,24
50.559535,25
50.573835,25
50.588123,26
50.603846,26
50.618344,25
50.632582,25
50.647289,25
50.661646,26
50.676072,26
50.690296,26
50.705248,26
50.719634,24
50.734387,26
50.748803,25
50.763159,27
50.777723,27
50.792202,27
50.807003,27
50.821929,26
50.836465,26
50.851097,25
50.865712,26
50.880555,26
50.894732,28
50.908991,28
50.923231,27
50.938161,26
50.952255,26
50.966195,27
50.980908,27
50.995878,28
51.010112,29
51.024506,27
51.038800,27
51.053551,27
51.068003,29
51.082762,29
51.096717,28
51.111541,28
51.126802,28
51.141055,28
51.155745,29
51.170658,30
51.185484,30
51.199701,29
51.213950,29
51.228411,28
51.242767,28
51.257201,30
51.271974,29
51.286682,29
51.301180,29
51.315346,30
51.329882,29
51.344519,29
51.358590,29
51.373822,30
51.388269,30
51.402638,30
51.417162,30
51.432039,28
51.446381,29
51.460400,29
51.474580,30
51.489959,28
51.504162,29
51.518323,29
51.532988,28
51.548382,25
51.563002,21
51.577764,15
51.591970,10
51.607061,11
51.621621,11
51.636290,11
51.650583,12
51.665486,13
51.680069,13
51.694905,13
51.709360,12
51.723960,12
51.738473,12
51.753035,14
51.767587,14
51.782270,15
51.796932,13
51.811925,14
51.826528,14
51.841167,15
51.855862,15
51.870080,16
51.884666,15
51.899220,15
51.913990,15
51.928633,15
51.942872,16
51.957336,15
51.972138,17
51.986480,17
52.000741,16
52.015236,15
52.029309,15
52.043555,16
52.058087,16
52.072213,17
52.087100,17
52.101763,16
52.116661,16
52.131357,16
52.146109,16
52.161355,17
52.176004,19
52.190662,19
52.205235,17
52.219648,18
52.234618,17
52.249279,17
52.263636,19
52.277700,19
52.292253,20
52.306785,19
52.321358,18
52.335782,19
52.350685,19
52.364961,20
52.379531,20
52.394182,21
52.409076,19
52.423822,19
52.438667,19
52.452909,19
52.467536,22
52.481770,21
52.496135,20
52.510857,20
52.525154,20
52.539818,20
52.554675,20
52.569210,21
52.583530,22
52.597797,21
52.612218,22
52.626312,22
52.641362,22
52.656028,22
52.671355,22
52.685764,23
52.700538,23
52.714998,23
52.729521,21
52.743702,22
52.758003,21
52.773192,24
52.787469,23
52.802433,23
52.816522,23
52.830835,23
52.845496,23
52.860307,22
52.874608,24
52.889715,24
52.904131,23
52.918206,24
52.933661,22
52.948027,24
52.962710,23
52.977690,24
52.991707,25
53.006308,24
53.021471,24
53.035666,24
53.050305,24
53.064751,23
53.079741,24
53.094580,25
53.109373,25
53.123532,25
53.137983,24
53.153665,25
53.167950,24
53.182589,25
53.197369,25
53.211912,27
53.226792,26
53.241767,25
53.256254,26
53.270965,27
53.286275,27
53.300873,27
53.315694,27
53.330456,26
53.345014,27
53.359606,26
53.374190,26
53.388379,26
53.403080,27
53.418086,27
53.432686,28
53.447996,26
53.462284,27
53.476750,27
53.491069,27
53.506174,27
53.520618,27
53.535963,26
53.550887,26
53.565974,27
53.581302,29
53.595696,28
53.610263,29
53.625996,28
53.640061,28
53.654657,27
53.669664,27
53.683730,30
53.698274,29
53.712695,30
53.727520,29
53.742815,28
53.757653,28
53.772152,28
53.786715,29
53.802016,30
53.816096,29
53.830126,29
53.844958,28
53.859467,28
53.874085,28
53.888558,28
53.903349,24
53.918072,17
53.932798,12
53.947855,11
53.962756,11
53.977688,12
53.991981,13
54.006876,11
54.020959,11
54.035610,11
54.049861,12
54.063941,13
54.078349,14
54.093128,14
54.107688,13
54.122618,13
54.137025,13
54.151482,14
54.166020,14
54.181165,15
54.195299,15
54.210063,14
54.224909,13
54.239204,15
54.253762,15
54.268377,15
54.282745,16
54.297676,16
54.311903,16
54.326068,14
54.340250,15
54.355107,15
54.370019,15
54.385314,17
54.399289,17
54.414299,16
54.429012,15
54.443594,16
54.458164,17
54.472310,16
54.486717,18
54.500995,18
54.515626,18
54.529946,17
54.544532,17
54.558870,17
54.573545,18
54.588329,18
54.603148,19
54.617437,19
54.631832,18
54.646194,18
54.660421,18
54.675418,18
54.690116,19
54.704374,20
54.718944,19
54.733522,18
54.747690,19
54.763026,19
54.777678,19
54.792333,19
54.807311,20
54.822003,20
54.836725,19
54.851575,20
54.866015,20
54.881276,20
54.896056,21
54.910513,21
54.924904,21
54.939273,20
54.953878,20
54.968371,20
54.982855,21
54.997329,21
55.012498,23
55.026560,23
55.040866,21
55.055141,21
55.069799,21
55.084568,21
55.099111,23
55.113447,23
55.128380,23
55.142557,22
55.157183,22
55.171637,22
55.186858,22
55.202247,23
55.216413,23
55.231015,23
55.245917,23
55.260549,22
55.275098,24
55.289937,25
55.304779,24
55.320065,24
55.334821,24
55.349383,24
55.364323,23
55.379757,23
55.394042,24
55.408605,24
55.422849,24
55.437200,25
55.451536,24
55.465787,25
55.479917,24
55.495251,27
55.509730,26
55.524083,25
55.538758,25
55.552987,25
55.567591,26
55.581742,26
55.596188,27
55.611025,26
55.625388,26
55.639787,26
55.654306,25
55.669053,25
55.683617,25
55.698435,27
55.712893,26
55.727657,26
55.742141,26
55.756344,25
55.770754,25
55.785212,25
55.799638,27
55.814266,28
55.828577,28
55.842730,27
55.856843,27
55.871420,26
55.885636,26
55.899906,27
55.914487,27
55.929446,29
55.944116,28
55.959128,28
55.973683,29
55.988575,28
56.003213,29
56.018036,28
56.032600,29
56.046996,28
56.061200,29
56.075937,29
56.090764,30
56.105589,29
56.119531,29
56.134171,29
56.148557,29
56.163165,28
56.178382,29
56.192882,30
56.207360,30
56.222175,30
56.236655,30
56.250881,29
56.265290,28
56.280422,29
56.295264,29
56.310201,30
56.324579,29
56.338999,30
56.353221,29
56.367865,29
56.382064,29
56.396297,29
56.410788,29
56.425350,29
56.439909,29
56.454312,28
56.469108,21
56.483570,15
56.498248,12
56.513274,12
56.528287,11
56.542828,11
56.557868,12
56.572669,12
56.587318,12
56.602066,13
56.616532,13
56.630954,12
56.645201,12
56.659309,13
56.674143,13
56.688234,13
56.702974,14
56.717857,14
56.732337,13
56.746716,13
56.760979,15
56.775315,14
56.789876,14
56.804689,15
56.819176,15
56.833986,14
56.848505,14
56.863308,15
56.877802,15
56.892152,16
56.906316,17
56.920730,17
56.935147,16
56.950165,15
56.964206,16
56.979191,16
56.994129,16
57.008588,18
57.022594,18
57.037051,18
57.051520,17
57.066313,17
57.080683,18
57.095575,17
57.109737,19
57.124883,18
57.139108,19
57.153364,18
57.168016,17
57.182647,18
57.196824,19
57.211524,20
57.226323,20
57.240353,19
57.254676,19
57.269691,19
57.284113,19
57.298329,20
57.312656,21
57.327240,21
57.341458,20
57.356427,20
57.370711,19
57.385106,21
57.399464,22
57.413846,21
57.428302,20
57.442970,21
57.457528,20
57.471869,20
57.486008,20
57.500881,21
57.515182,22
57.529590,22
57.544327,22
57.558874,21
57.573363,21
57.588442,22
57.602810,23
57.617762,23
57.632152,23
57.646600,23
57.660956,21
57.675370,21
57.689484,23
57.703672,23
57.718697,24
57.733092,24
57.747825,23
57.762010,23
57.776551,23
57.790683,22
57.805265,23
57.820142,24
57.834652,24
57.849908,23
57.864518,24
57.878628,23
57.893524,24
57.908437,24
57.922969,24
57.937617,25
57.951621,25
57.966425,24
57.981129,24
57.995450,24
58.010446,24
58.024914,26
58.039776,25
58.054289,25
58.068873,24
58.083360,24
58.098398,24
58.113096,26
58.128322,27
58.143508,27
58.157716,26
58.172513,26
58.187120,25
58.201484,25
58.216519,27
58.231146,26
58.245383,27
58.261054,27
58.275348,27
58.289532,26
58.303688,25
58.317994,27
58.332094,27
58.346688,27
58.360998,28
58.375616,26
58.390434,26
58.405364,26
58.419922,27
58.434447,27
58.448835,27
58.463421,28
58.477503,28
58.492019,27
58.506457,28
58.521487,29
58.535596,29
58.550126,28
58.564476,28
58.578864,27
58.593046,29
58.607456,28
58.621937,30
58.636727,30
58.651065,30
58.665325,28
58.679706,28
58.694188,27
58.708584,29
58.723095,29
58.737764,29
58.752185,29
58.767019,28
58.781427,28
58.795436,28
58.809834,26
58.824130,20
58.838747,14
58.853314,11
58.868131,11
58.882752,11
58.897112,12
58.911589,13
58.925702,13
58.940267,12
58.954711,13
58.969186,13
58.983995,12
58.999141,12
59.013559,13
59.027820,13
59.042832,12
59.057418,13
59.072017,13
59.086038,14
59.100323,13
59.114848,15
59.129435,14
59.144221,16
59.158632,14
59.173806,14
59.188375,14
59.202869,14
59.217348,15
59.232352,15
59.246563,16
59.261201,15
59.275723,15
59.290099,15
59.304593,15
59.318676,17
59.333218,17
59.347978,16
59.362827,16
59.377123,16
59.391794,16
59.406490,16
59.421748,18
59.435970,17
59.450636,17
59.464649,16
59.479208,17
59.493379,17
59.508088,17
59.522632,18
59.537033,19
59.551468,19
59.566949,17
59.581552,17
59.596089,18
59.611146,19
59.626265,20
59.641100,20
59.655529,20
59.669932,19
59.684126,19
59.698239,19
59.713028,19
59.727640,21
59.742068,21
59.756570,21
59.771133,20
59.785343,20
59.800073,20
59.814828,20
59.829096,21
